"Search query","Impressions","Clicks","CTR","Avg. position"
"kidslink childrens clinic","6,565","575","8.8%","1.4"
"kidslink","4,411","353","8%","2.8"
"kidslink clinic","2,880","236","8.2%","1.5"
"kidslink bedok","2,431","136","5.6%","2.4"
"kidslink childrens clinic pte ltd","968","82","8.5%","1"
"kidslink cck","1,086","74","6.8%","1.1"
"kids link","940","63","6.7%","3.2"
"kidslink jurong","903","62","6.9%","1"
"kids link sengkang","804","53","6.6%","1"
"lim woan huah","230","50","21.7%","1.5"
"kids link jurong east","667","48","7.2%","1"
"dr lim woan huah","301","39","13%","2"
"kidslink choa chu kang","869","38","4.4%","1"
"kids link clinic","542","38","7%","1.5"
"kidslink sengkang","639","36","5.6%","1.2"
"kidslink childrens clinic reviews","1,231","36","2.9%","2.1"
"kidslink chinese garden","532","36","6.8%","1"
"kidzlink","345","35","10.1%","1.3"
"pediatrician near me","5,001","33","0.7%","9.5"
"dr vanessa tan","598","33","5.5%","3.3"
"kidlink","331","31","9.4%","1"
"kidslink compass","460","31","6.7%","1"
"kidslink children clinic","268","29","10.8%","1.5"
"kids clinic jurong","369","28","7.6%","1"
"kids clinic","7,026","25","0.4%","7.6"
"kids clinic near me","2,438","25","1%","7.6"
"kids clinic bedok","1,463","24","1.6%","3.1"
"pediatrician bedok","276","24","8.7%","1.9"
"kidslink jurong east","397","22","5.5%","1.2"
"dr winston ng","125","21","16.8%","3.4"
"paediatric clinic near me","1,827","21","1.1%","10.1"
"kidslink childrens clinic singapore","245","21","8.6%","1.4"
"baby clinic near me","1,294","20","1.5%","8.1"
"kidslink compass one","194","20","10.3%","1"
"pediatrician choa chu kang","299","18","6%","1.6"
"pediatrician sengkang","734","18","2.5%","4"
"children clinic near me","2,206","17","0.8%","8.5"
"kidslink opening hours","138","15","10.9%","1.4"
"kidslink lot 1","116","13","11.2%","1"
"kidslink compassvale","228","13","5.7%","1.2"
"kids clinic bedok north","194","12","6.2%","2.4"
"pd sengkang","228","11","4.8%","3.8"
"paediatric clinic sengkang","266","11","4.1%","3.4"
"kidslink clinic sengkang","394","11","2.8%","1"
"kids clinic sengkang","4,511","11","0.2%","8.8"
"kidslink childrens clinic bedok","159","10","6.3%","2.1"
"kids link clinic bedok","201","10","5%","2.8"
"kidslink clinic choa chu kang","79","10","12.7%","1"
"pediatrician jurong east","216","9","4.2%","1.9"
"kidslink clinic bedok","125","8","6.4%","1.9"
"bedok kids clinic","274","8","2.9%","3.8"
"sengkang pd","127","8","6.3%","3.8"
"paediatric clinic jurong","201","8","4%","2.4"
"paediatric clinic","2,901","8","0.3%","16.3"
"pd near me","1,893","7","0.4%","7.9"
"dr heng joo teck","46","6","13%","1"
"kidslink children clinic bedok","123","6","4.9%","2.8"
"kidslink childrens clinic photos","115","6","5.2%","1.8"
"children clinic","1,409","6","0.4%","12.8"
"pediatrician bukit batok","353","6","1.7%","9.6"
"kids clinic singapore","589","6","1%","8.9"
"kidslink childrens clinic (jurong)","136","6","4.4%","1.1"
"kid link","48","6","12.5%","1.7"
"kidslink childrens clinic (jurong) pte ltd","75","6","8%","1.1"
"kids doctor near me","268","5","1.9%","8.5"
"paediatric clinic jurong west","151","5","3.3%","4.2"
"pediatrician","1,806","5","0.3%","23.1"
"paediatrician sengkang","148","5","3.4%","4.6"
"children clinic singapore","1,274","5","0.4%","11.7"
"kidslink childrens clinic sengkang","104","5","4.8%","1"
"kid clinic near me","614","5","0.8%","8.1"
"bukit batok paediatrician","186","5","2.7%","8.9"
"pediatrician singapore near me","1,089","5","0.5%","9.1"
"childrens clinic near me","540","5","0.9%","7.8"
"pediatrician singapore","1,901","4","0.2%","20"
"child clinic","770","4","0.5%","19.2"
"pediatric clinic near me","931","4","0.4%","9.4"
"children clinic sengkang","158","4","2.5%","3.2"
"kid clinic sengkang","417","4","1%","5.1"
"clinic for kids near me","274","4","1.5%","8.3"
"sengkang kids clinic","1,291","4","0.3%","5.7"
"child clinic near me","648","4","0.6%","7.8"
"paediatric clinic bedok","112","4","3.6%","2"
"clinic for baby near me","260","3","1.2%","12.5"
"pd open on sunday","62","3","4.8%","10.4"
"pediatric clinic singapore","767","3","0.4%","12.4"
"pd for kids","75","3","4%","8.2"
"childrens clinic","718","3","0.4%","8.1"
"children clinic choa chu kang","48","3","6.3%","1.4"
"kids clinic @ sengkang","634","3","0.5%","9.8"
"baby clinic bedok","12","3","25%","2.1"
"kidslinks","16","3","18.8%","3.8"
"sengkang pediatrician","129","3","2.3%","4.3"
"kidslink childrens clinic singapore reviews","169","3","1.8%","2.5"
"pediatrician clinic near me","159","3","1.9%","9.8"
"pediatrician near me open now","98","2","2%","9.6"
"baby child clinic","18","2","11.1%","4.3"
"baby clinic 24 hours","627","2","0.3%","22.3"
"baby clinic sengkang","171","2","1.2%","4.3"
"paediatric near me","97","2","2.1%","9.3"
"pediatrics clinic","6","2","33.3%","8"
"clinic for kids","526","2","0.4%","24.6"
"paediatric clinic singapore","1,099","2","0.2%","18.8"
"24-hour pediatric clinic near sengkang","74","2","2.7%","9.9"
"paediatrician bukit batok","59","2","3.4%","5.1"
"paeds clinic near me","142","2","1.4%","9.6"
"pediatrician open now","50","2","4%","11"
"nearest paediatric clinic","43","2","4.7%","6.8"
"clinic near me","420","2","0.5%","29.7"
"kidsclinic","500","2","0.4%","7.2"
"paediatric clinic singapore near me","73","2","2.7%","13.6"
"pediatrician open on sunday singapore","52","2","3.8%","10.8"
"toddler clinic near me","94","2","2.1%","6.3"
"24-hour pediatric clinic near me","48","2","4.2%","23.9"
"child clinic singapore","397","2","0.5%","11.3"
"peads near me","80","2","2.5%","10.6"
"jurong east paediatrician","11","2","18.2%","1.2"
"pd clinic open on sunday","6","2","33.3%","11.3"
"pediatrics clinic near me","36","2","5.6%","9.8"
"paediatrician singapore","506","2","0.4%","25.2"
"kidslink childrens clinic pte ltd reviews","182","2","1.1%","2.1"
"kidz link","14","2","14.3%","1.3"
"pediatricians near me","69","2","2.9%","8.6"
"baby doctor near me","475","1","0.2%","10.7"
"clinic for babies near me","17","1","5.9%","10.4"
"baby clinic punggol","27","1","3.7%","18.6"
"pedia near me","119","1","0.8%","8.5"
"pediatrician open on sunday","106","1","0.9%","9.8"
"kidsink","3","1","33.3%","1"
"pediatrician singapore sunday","36","1","2.8%","10.2"
"pedatrician near me","8","1","12.5%","10.3"
"kids clinic open now","120","1","0.8%","8.2"
"gp pediatrician near me","9","1","11.1%","11"
"children clinic nearby","24","1","4.2%","6.9"
"pediatrician singapore 24 hours","21","1","4.8%","19"
"pediatrician tampines","103","1","1%","22.8"
"choa chu kang clinic","209","1","0.5%","26.8"
"pediatrician singapore open now","4","1","25%","10"
"peds clinic near me","40","1","2.5%","9.4"
"childrens doctor near me","39","1","2.6%","10.2"
"kids link cck","37","1","2.7%","1"
"paediatrics clinic near me","19","1","5.3%","12.2"
"infant clinic near me","363","1","0.3%","15.1"
"pediatrician sunday open","33","1","3%","8.7"
"kids clinic hougang","5","1","20%","11.6"
"pediatrician open now near me","3","1","33.3%","11"
"paediatrician","1,798","1","0.1%","40.8"
"kids pediatrician near me","102","1","1%","8.2"
"compass one pd","89","1","1.1%","7.4"
"pediatrics","278","1","0.4%","40.5"
"pediatrician west","27","1","3.7%","5.1"
"pediatrics near me","171","1","0.6%","8.6"
"pd clinic near me","641","1","0.2%","9.4"
"nearby pediatric clinic","40","1","2.5%","7.6"
"walk in pediatrician near me","14","1","7.1%","7.6"
"pd clinic","230","1","0.4%","10.2"
"paediatric clinic open now","35","1","2.9%","8.4"
"pediatrician jurong","36","1","2.8%","3.5"
"nearby pediatrician","35","1","2.9%","8.6"
"24-hour pediatric clinic singapore","22","1","4.5%","23.9"
"infant clinic","39","1","2.6%","10.6"
"sengkang paediatrician","76","1","1.3%","4.6"
"baby clinic open now","20","1","5%","9.6"
"children clinic open on sunday","41","1","2.4%","9.3"
"kids clinic open on sunday","63","1","1.6%","10.6"
"muslim pediatrician","3","1","33.3%","1.7"
"pediatrican near me","6","1","16.7%","8.3"
"kids clinic sengkang compass one","262","1","0.4%","11.2"
"baby clinic near me open now","27","1","3.7%","10.1"
"儿科诊所near me","80","1","1.3%","16.6"
"paediatric clinic near sengkang","16","1","6.3%","5.6"
"pediatric near me","223","1","0.4%","7.3"
"baby and child","10","1","10%","24.7"
"paediatric clinic @ punggol","24","1","4.2%","8"
"bukit batok baby clinic","29","1","3.4%","16.7"
"childrens clinic near me open now","6","1","16.7%","8"
"west side pediatrics","2","1","50%","1"
"sengkang clinic","178","1","0.6%","34"
"sunday pediatrician near me","21","1","4.8%","9.9"
"paediatric centre","55","1","1.8%","37.4"
"bukit batok kids clinic","35","1","2.9%","10.5"
"paediatric clinic (jurong west)","28","1","3.6%","5.4"
"child clinic near me open now","28","1","3.6%","9.2"
"childrens asthma clinic","2","1","50%","2.5"
"baby clinics near me","15","1","6.7%","6.4"
"kidz clinic sengkang","323","1","0.3%","9.9"
"children clinic near me open now","14","1","7.1%","9.9"
"baby and child clinic @ tampines opening hours","27","1","3.7%","9"
"pd singapore","123","1","0.8%","12.6"
"kids clinic choa chu kang","13","1","7.7%","1.4"
"bukit batok pediatrician","225","1","0.4%","9.7"
"child specialist clinic","7","1","14.3%","15.3"
"kids klinic","15","1","6.7%","2.7"
"kids link bedok","14","1","7.1%","1.9"
"paeds doctor near me","4","1","25%","5.3"
"kid clinic","390","1","0.3%","6.8"
"kidsklinic","1","1","100%","1"
"infant doctor near me","30","1","3.3%","9.2"
"paedetrician near me","21","1","4.8%","8.9"
"west pediatrics","2","1","50%","1.5"
"kids dentist sengkang","8","1","12.5%","9.4"
"clinic cck","43","1","2.3%","21.9"
"compass one kids clinic","324","1","0.3%","11.1"
"baby and child clinic","743","1","0.1%","16.7"
"paediatric clinics","11","1","9.1%","3.1"
"pediatrician around me","19","1","5.3%","9.2"
"clinic near me for children","9","1","11.1%","7.3"
"clinic in sengkang","24","1","4.2%","46.2"
"kids doctor","132","1","0.8%","15.8"
"kiddies clinic","44","1","2.3%","7.1"
"lakeside childrens clinic","2","1","50%","15.5"
"where to buy","1","1","100%","25"
"pediatrician near to me","1","1","100%","7"
"pediatrician doctor near me","5","1","20%","4.8"
"childrens clinic open on sunday","27","1","3.7%","9.3"
"pd clinic open now","47","1","2.1%","10.5"
"kids paediatrician near me","66","1","1.5%","8.4"
"blk 309 choa chu kang","1","0","0%","72"
"dr siva kinder clinic","3","0","0%","32.3"
"garden clinic serangoon","8","0","0%","69.3"
"kids clinic walk in","1","0","0%","1"
"singhealth polyclinics - sengkang","1","0","0%","1"
"polyclinic opening hours","5","0","0%","26.2"
"nlink","1","0","0%","12"
"pediatrician in tampines","14","0","0%","24"
"136 e main st","1","0","0%","2"
"nearby pediatrician clinic","3","0","0%","17"
"clinic pediatric","1","0","0%","28"
"international baby child & adolescent clinic","16","0","0%","44.9"
"yishun paediatric","19","0","0%","64.7"
"kidstalk","1","0","0%","1"
"nearest childrens hospital near me","1","0","0%","8"
"kids walk in clinic","1","0","0%","10"
"toddler stomach discomfort","2","0","0%","7"
"singapore polyclinic","2","0","0%","15.5"
"child doctor near me open now","2","0","0%","10"
"clinic near .me","1","0","0%","6"
"babies clinic","1","0","0%","12"
"baby doctor nearby","1","0","0%","8"
"kidscare clinic","1","0","0%","1"
"doctor for babies","3","0","0%","24.3"
"kkh paediatrics","1","0","0%","63"
"yew tee clinic opening hours","2","0","0%","29.5"
"clinic near sengkang","13","0","0%","49.9"
"top pediatrician near me","2","0","0%","42"
"pediatric clinic nearby","11","0","0%","10.4"
"kids specialist near me","15","0","0%","7.9"
"junction 10 clinic","15","0","0%","83.3"
"dr chiu pediatrician","1","0","0%","10"
"paediatric care","4","0","0%","30.3"
"doctors for babies","2","0","0%","20"
"padeatrician","1","0","0%","2"
"best doctor pediatrician","3","0","0%","68.7"
"kids clinic nearby","86","0","0%","8"
"415 bukit batok","1","0","0%","99"
"children walk in clinic","1","0","0%","10"
"gp clinic near me open now","1","0","0%","108"
"doctor compass","1","0","0%","7"
"yew tee clinic open on sunday","1","0","0%","48"
"dr oh meng choo","14","0","0%","47.6"
"dr low eu hong","120","0","0%","41.3"
"pediatrician open on saturday","22","0","0%","8.9"
"northlink woodlands clinic","6","0","0%","70.3"
"kids check up near me","1","0","0%","11"
"waterway point kids clinic","2","0","0%","6"
"ovspring developmental clinic","2","0","0%","58"
"klinik kesihatan ibu dan anak near me","1","0","0%","1"
"dr chia foong lin","1","0","0%","6"
"clinic at teck whye","2","0","0%","39.5"
"circumcision clinic for kids","1","0","0%","5"
"lab near me","1","0","0%","29"
"klinik baby near me","1","0","0%","12"
"paediatric assessment","1","0","0%","3"
"saw baby and child clinic","1","0","0%","43"
"children specialist near me","28","0","0%","8.9"
"dreams kids clinic","1","0","0%","1"
"baby clinic tampines","22","0","0%","33.9"
"child doctor","901","0","0%","30.2"
"cck clinic","215","0","0%","17.7"
"kids clinic bishan","13","0","0%","45.5"
"pediatrician yishun","8","0","0%","70.8"
"pediatric medicine","4","0","0%","6"
"pediatric dr near me","6","0","0%","14.7"
"childrens doctor pediatrician","8","0","0%","19.6"
"clinic near me pediatric","22","0","0%","10.2"
"dr nancy tan","39","0","0%","49.1"
"nearby pediatric hospital","1","0","0%","11"
"kidslink jurong reviews","49","0","0%","2.3"
"pediatric tampines","37","0","0%","13.6"
"clinic at bedok north street 3","76","0","0%","13.4"
"infant specialist","1","0","0%","14"
"find a clinic near me","1","0","0%","27"
"childrens hospital singapore","15","0","0%","50"
"cck 24 hour clinic","1","0","0%","46"
"dr bebe","1","0","0%","73"
"childerns","2","0","0%","3.5"
"children ent singapore","68","0","0%","96.6"
"sbcc bukit panjang","28","0","0%","47"
"tampines baby clinic","11","0","0%","35"
"paeds clinic","63","0","0%","9.2"
"ooi baby and child clinic","6","0","0%","45.5"
"children clinic pasir ris","1","0","0%","25"
"clinic near jurong east","14","0","0%","34.2"
"pediatrician open sunday near me","3","0","0%","8.7"
"kidz care clinic","2","0","0%","46.5"
"bukit batok children clinic","77","0","0%","10.5"
"childrens clinic open on saturday","2","0","0%","6.5"
"family clinic singapore","1","0","0%","1"
"the baby and child clinic photos","7","0","0%","34.7"
"pediatrician open today","24","0","0%","8.7"
"nearby kids clinic","52","0","0%","7"
"childrens clinic nearby","3","0","0%","9.7"
"anchorvale clinic","74","0","0%","47.3"
"pediatric care","69","0","0%","46.4"
"paediatricians singapore","23","0","0%","33.3"
"kids clinic bukit batok","12","0","0%","11.3"
"childcare hospital near me","2","0","0%","14.5"
"pedia pulmonologist near me","1","0","0%","18"
"pediatric urgent care near me","5","0","0%","47.6"
"pediatric night clinic","7","0","0%","7.6"
"nuwoc childrens clinic @ ntfgh","1","0","0%","1"
"pediatric orthopedic singapore","130","0","0%","82.5"
"kids med","3","0","0%","5.3"
"nearest children hospital","1","0","0%","9"
"clinic open near me now","1","0","0%","7"
"children and adolescent clinic","1","0","0%","4"
"ent for kids singapore","8","0","0%","94"
"the kidz clinic","17","0","0%","17.2"
"gp for kids near me","5","0","0%","5"
"pedia clinic","18","0","0%","9.9"
"clinics for kids near me","16","0","0%","5.9"
"paeditrician near me","25","0","0%","10.1"
"dr isaac pediatrician","1","0","0%","3"
"pediatrics open on sunday","7","0","0%","7.9"
"special kids clinic","3","0","0%","25.7"
"clinics open on saturday near me","1","0","0%","25"
"baby doctor","760","0","0%","34.4"
"sengkang grand mall kids clinic","30","0","0%","4.6"
"near pediatric clinic","3","0","0%","1"
"babies clinic near me","12","0","0%","5.8"
"s.t lim child specialist","22","0","0%","11"
"63926041","5","0","0%","9"
"kidslink childrens clinic (jurong) pte ltd reviews","2","0","0%","1.5"
"parkway parade paediatric clinic","1","0","0%","34"
"小儿科 near me","4","0","0%","6.5"
"childrens night clinic","4","0","0%","19.8"
"children specialist","40","0","0%","18.5"
"lot 1 clinic","9","0","0%","16.8"
"clinic at bedok north","6","0","0%","35.7"
"kids influenza vaccine","1","0","0%","14"
"pediatrcian","1","0","0%","2"
"dr childs pediatrician","2","0","0%","77.5"
"children urgent care","356","0","0%","72.2"
"dr yeo wee song","96","0","0%","59"
"pediatric doctor singapore","16","0","0%","19.7"
"child med","3","0","0%","9.3"
"pideatric","2","0","0%","2"
"immunization for kids near me","1","0","0%","1"
"clinic in compass one","27","0","0%","23.7"
"nearest kids clinic","19","0","0%","17.9"
"24 hour baby clinic","14","0","0%","21.7"
"pediatrics bear me","1","0","0%","8"
"raffles hospital childrens centre","2","0","0%","72.5"
"doctor vanessa","1","0","0%","1"
"padiatric","5","0","0%","2.4"
"rch paediatrics","1","0","0%","3"
"pediatric ent singapore","47","0","0%","108.3"
"儿科 near me","9","0","0%","18.1"
"pedia clinic open on sunday","1","0","0%","7"
"kids clinic compass one","1,129","0","0%","11"
"the walk in clinic","1","0","0%","90"
"21 audubon pediatric clinic","1","0","0%","37"
"dr lim child","1","0","0%","8"
"pediatrician near me 24 hours","2","0","0%","26.5"
"bloom pediatric clinic","1","0","0%","42"
"immunization clinic near me","1","0","0%","1"
"lee bee wah doctor","4","0","0%","78"
"kinderclinic paragon","1","0","0%","64"
"pediatrician sunday open near me","1","0","0%","14"
"24-hour pediatric clinic near punggol","2","0","0%","15"
"ang siok hoon","1","0","0%","2"
"clinic near me 营业中","2","0","0%","14"
"toddler clinic","14","0","0%","6.9"
"kidz clinic","119","0","0%","6.8"
"cck kids","1","0","0%","2"
"pedia clinic near me","117","0","0%","8.7"
"kods clinic","5","0","0%","4.8"
"clinic near bedok","15","0","0%","46.5"
"childrens hospital near me","4","0","0%","18.3"
"clinic near here","1","0","0%","6"
"paediatrician gastroenterologist","2","0","0%","70.5"
"pediatrician woodlands singapore","1","0","0%","43"
"sbcc singapore","8","0","0%","44.3"
"compass one kids","8","0","0%","11.1"
"klinik singapore","6","0","0%","61.5"
"pedetrician near me","3","0","0%","10.7"
"sengkang family clinic","12","0","0%","79.6"
"kinder clinic pte ltd","16","0","0%","33.8"
"bukit batok pd","106","0","0%","12.6"
"dr ong eng keow","23","0","0%","84.2"
"jolin clinic cck","1","0","0%","42"
"doctor jurong west","1","0","0%","116"
"hand foot mouth disease symptoms","1","0","0%","4"
"bedok x-ray centre","2","0","0%","53"
"dr chong family clinic","13","0","0%","83.9"
"doctor kids","6","0","0%","13.3"
"sterling clinic bedok","11","0","0%","51.1"
"baby doctor near me open now","2","0","0%","11.5"
"doctor near me kids","2","0","0%","3"
"kids clinic @ bishan","5","0","0%","51.8"
"lot one clinic","15","0","0%","26.5"
"klinik a med sg chua","1","0","0%","57"
"clinic in cck","7","0","0%","22"
"baby and me clinic","2","0","0%","7"
"woodlands paediatrician","5","0","0%","11.4"
"pediatric near.me","2","0","0%","6.5"
"pediatric office near me","3","0","0%","7.7"
"pediatrians","2","0","0%","10"
"ent specialist singapore kids","1","0","0%","79"
"kids avenue pediatric clinic","2","0","0%","5.5"
"parkway east paediatric clinic","57","0","0%","33.1"
"clinic singapore open now","1","0","0%","101"
"pediateician near me","2","0","0%","8"
"pediattric","1","0","0%","2"
"the paediatric centre","10","0","0%","48.1"
"oasis kids clinic","9","0","0%","57.8"
"punggol pediatrician","28","0","0%","16.5"
"paediatrician clinic","14","0","0%","16.8"
"malayali pediatrician near me","1","0","0%","35"
"cherry child","9","0","0%","11.6"
"hospital for kids near me","2","0","0%","9.5"
"thomson paediatric centre - bukit panjang (康盛儿科诊所) by dr leo deng jin","1","0","0%","1"
"paediatric doctor","11","0","0%","10.1"
"kinder pandan valley","1","0","0%","44"
"24 7 pediatric care","1","0","0%","76"
"cck family clinic photos","2","0","0%","77"
"pediatrician developmental assessment near me","1","0","0%","1"
"clinic near lot one","10","0","0%","20.6"
"kids doctor nearby","4","0","0%","8.5"
"childrens clinic mt juliet","1","0","0%","37"
"clinic bedok north","3","0","0%","37"
"great pediatricians near me","1","0","0%","46"
"garden clinic","11","0","0%","40.7"
"paediatric specialist","5","0","0%","37.2"
"pediatrician open weekends","2","0","0%","12"
"vaccine for kids","2","0","0%","6"
"pediatrics nearby","2","0","0%","12"
"medical clinic near me open now","1","0","0%","9"
"baby dictor","1","0","0%","1"
"baby vaccination clementi","1","0","0%","90"
"pediatric baby","1","0","0%","2"
"paediatrist","2","0","0%","2"
"pediatric open sunday","6","0","0%","9.2"
"baby & child clinic","16","0","0%","15.1"
"pediatrician for baby near me","3","0","0%","6"
"infant specialist near me","1","0","0%","1"
"junior baby and child clinic","20","0","0%","64.2"
"clinic at cck","20","0","0%","22.1"
"paediatrics specialist","1","0","0%","71"
"children care clinic","1","0","0%","7"
"link medical","1","0","0%","2"
"kids clinics","23","0","0%","10"
"kk childrens hospital","3","0","0%","88.3"
"paedratic","2","0","0%","3"
"child ent specialist singapore","7","0","0%","109.7"
"ng teng fong children","2","0","0%","63.5"
"nearest pediatrician to my location","1","0","0%","9"
"pediatric around me","35","0","0%","8.1"
"childrens pediatrics near me","4","0","0%","12.8"
"kidz clinic near me","13","0","0%","5.9"
"nearest children doctor","3","0","0%","9.7"
"pead clinic near me","9","0","0%","6.4"
"doctor near me within 400m open now","1","0","0%","8"
"kid insurance","1","0","0%","9"
"pediatrician near me within 400m","8","0","0%","1.8"
"childrens pediatric","3","0","0%","36.3"
"childrens clinic jurong west","27","0","0%","3"
"children dentist","3","0","0%","6.3"
"belinda clinic for children","2","0","0%","46.5"
"kids assessment","1","0","0%","6"
"新加坡妇科","2","0","0%","129"
"clinic for vaccination near me","1","0","0%","10"
"paediatric podiatrist singapore","25","0","0%","86"
"pediatrician singapore tampines","3","0","0%","60.3"
"cheery clinic","5","0","0%","58"
"309 choa chu kang","3","0","0%","6"
"paediatrician near me","354","0","0%","10.8"
"dr vera oh","1","0","0%","41"
"kids dentist near me","8","0","0%","10.5"
"pediatrics open now","2","0","0%","10.5"
"kinder clinic alvernia","3","0","0%","63.3"
"east kids clinic","1","0","0%","10"
"raffles medical kids","2","0","0%","93"
"nearest children hospital near me","1","0","0%","5"
"the kids clinic sengkang","185","0","0%","2.9"
"clinic children near me","22","0","0%","8.3"
"dentist children near me","1","0","0%","17"
"links clinic","1","0","0%","6"
"24 hour clinic bedok","1","0","0%","41"
"pediatric west","5","0","0%","4.4"
"paediatric clinic punggol","44","0","0%","13.4"
"pediatric clinic","1,250","0","0%","15.6"
"children centre","3","0","0%","53.7"
"bishan kids clinic","2","0","0%","37"
"medicine to stop vomiting kids","1","0","0%","7"
"influenza a in children","1","0","0%","10"
"parkway east paediatric clinic reviews","2","0","0%","35.5"
"dr montgomery kong","1","0","0%","48"
"hospital for kids","4","0","0%","22"
"happy kids molek","3","0","0%","10.7"
"kinder kids clinic","5","0","0%","2"
"ped clinic","1","0","0%","1"
"clinic for toddler near me","8","0","0%","5.6"
"baby chu clinic","1","0","0%","8"
"ju clinic","1","0","0%","11"
"pediatric doctor office","1","0","0%","34"
"kids specialist clinic","34","0","0%","8.7"
"urgent pediatric","1","0","0%","16"
"night clinic pediatric","2","0","0%","20.5"
"皇后儿科诊所","1","0","0%","11"
"pediatrics meaning","1","0","0%","1"
"clinic near cck","2","0","0%","14.5"
"pedia doctor near me","3","0","0%","9"
"paediatric surgery near me","1","0","0%","5"
"immunization","4","0","0%","5.8"
"healthy kids","3","0","0%","11.7"
"dr kenneth chua","1","0","0%","62"
"kids ink","4","0","0%","31"
"clinics near me within 800m","1","0","0%","18"
"childrens practice","1","0","0%","12"
"pediatrician midland","1","0","0%","76"
"children urgent care hours","1","0","0%","85"
"sog clinic for children","3","0","0%","53"
"24 hour pediatrics","2","0","0%","84"
"pediatric online consultation","2","0","0%","7"
"nighttime pediatrics","1","0","0%","28"
"what is paediatric","2","0","0%","2"
"emergency clinic for kids","1","0","0%","13"
"block 309","2","0","0%","50"
"near by pediatrician doctor","2","0","0%","12.5"
"private pediatric clinic","1","0","0%","57"
"linck","1","0","0%","3"
"seng kang clinic","2","0","0%","62"
"links dr","1","0","0%","15"
"s g pediatrics","1","0","0%","54"
"dr tan pediatrician","2","0","0%","12.5"
"24 hour childrens clinic near me","411","0","0%","23.2"
"24hr clinic bedok","1","0","0%","80"
"clinic for baby","38","0","0%","5.5"
"kids clinic @ tampines by smg reviews","1","0","0%","10"
"kids clinic compassvale","11","0","0%","2.7"
"kids climic","20","0","0%","5.6"
"toddler specialist","19","0","0%","70.8"
"singapore pediatrician","63","0","0%","15.4"
"best paediatrician near me","6","0","0%","19.2"
"tampines pd","46","0","0%","28.3"
"pedi clinic near me","5","0","0%","9.4"
"pediatric center","7","0","0%","10.1"
"pediatric er near me","3","0","0%","78.7"
"baby nursery bedok","152","0","0%","56.2"
"closest pediatrician near me","2","0","0%","5.5"
"sbcc baby child clinic","24","0","0%","88.4"
"cda approved clinic near me","67","0","0%","25.6"
"24 hour pediatrician","9","0","0%","34.3"
"303 anchorvale link clinic","2","0","0%","69"
"kid clinic compass one","13","0","0%","13.5"
"sunday open child clinic near me","1","0","0%","8"
"kids clinic @ punggol","70","0","0%","15.7"
"nearby child specialist","5","0","0%","9.6"
"peds doctor","1","0","0%","55"
"child vaccination singapore","3","0","0%","7.7"
"paediatric on call","1","0","0%","2"
"pd in yishun","2","0","0%","55.5"
"pediatric clinic open now","14","0","0%","9.9"
"kids pediatric clinic near me","2","0","0%","7"
"cherry clinic","15","0","0%","12.9"
"parkway east pediatrician","20","0","0%","33"
"children clinic bukit batok","16","0","0%","11.8"
"baby bonus clinic","1","0","0%","6"
"sbcc baby child clinic singapore","44","0","0%","86.4"
"baby clinic nearby","15","0","0%","9.9"
"pd near me open now","17","0","0%","10.6"
"toddler doctor","29","0","0%","65.6"
"kids clinic oasis","13","0","0%","66.2"
"pediatrician open","1","0","0%","11"
"link clinic","44","0","0%","6.4"
"pediatrician near me open on sunday","3","0","0%","11"
"urgent care for kids near me","3","0","0%","33"
"forest hill pediatric","1","0","0%","43"
"24 hours baby clinic near me","1","0","0%","12"
"baby and child bukit batok","1","0","0%","28"
"i-kidz childrens clinic reviews","4","0","0%","14.8"
"top rated pediatricians near me","1","0","0%","72"
"best pediatrician near me","27","0","0%","40.3"
"dr padmini","1","0","0%","5"
"bedok family clinic & surgery","8","0","0%","63.5"
"child specialist clinic near me","12","0","0%","14.4"
"joykids child specialist clinic","2","0","0%","12"
"children clinics","4","0","0%","8.3"
"mesquite pediatrics clinic","1","0","0%","55"
"weekend pediatrician","7","0","0%","18.1"
"bedok clinic near me","29","0","0%","54.6"
"the cheery child clinic pte. ltd., paediatrician, singapore","2","0","0%","18.5"
"nearest clinic","4","0","0%","25.8"
"pediatrician nearby","23","0","0%","12.1"
"paediatric clinic sunday","15","0","0%","22"
"best kids clinic","1","0","0%","8"
"childrens clinic singapore","68","0","0%","9.9"
"near me baby clinic","7","0","0%","5.9"
"kids dentist","11","0","0%","10.6"
"jurong","1","0","0%","1"
"happy baby and child clinic","16","0","0%","49.6"
"the cherry child clinic","17","0","0%","17.8"
"pediatric clinic for kids","1","0","0%","12"
"childrens hospital pediatrics","4","0","0%","38.8"
"pm lods","1","0","0%","13"
"teck whye clinic","18","0","0%","57.7"
"gp for children","1","0","0%","4"
"paediatric services","4","0","0%","65.3"
"英伦儿科","11","0","0%","8.1"
"klinik kanak kanak singapore","1","0","0%","11"
"clinic pediatrics","7","0","0%","9.3"
"dorothy baby and child clinic","9","0","0%","46"
"lifelink clinic & surgery","5","0","0%","58.6"
"medical link","1","0","0%","68"
"doctor near me open now","2","0","0%","41.5"
"paediatrics medicine","1","0","0%","13"
"child dentist","4","0","0%","4"
"pediatrician open on weekends","6","0","0%","11"
"paedeatric","2","0","0%","3.5"
"chia baby and child clinic","1","0","0%","13"
"clin","1","0","0%","4"
"chicken pox vaccine","5","0","0%","6.4"
"peadiatrician near me","13","0","0%","8.5"
"儿科","19","0","0%","5.3"
"just kids pediatrics","1","0","0%","1"
"paediatrician open now","12","0","0%","8"
"peadiatrician","9","0","0%","3.7"
"klinik child specialist","1","0","0%","9"
"low eu hong","19","0","0%","55.4"
"kids clinic sengkang grand mall","15","0","0%","17.1"
"twinkle clinic","1","0","0%","11"
"#pediatrician","7","0","0%","15.9"
"sbcc baby & child clinic (rivervale)","3","0","0%","51.3"
"pediatrcis","2","0","0%","2"
"kidslin","2","0","0%","8"
"sg pediatrics","1","0","0%","21"
"are pediatricians open on sundays","10","0","0%","9.8"
"cardiac pediatrician near me","2","0","0%","9.5"
"nearby children clinic","25","0","0%","10.6"
"greenlink medical clinic","15","0","0%","63.1"
"clinic.","1","0","0%","20"
"clinic bedok north street 3","4","0","0%","18"
"kid pediatrics","14","0","0%","8.3"
"pediatric hospital singapore","25","0","0%","46.2"
"kinder clinic parkway","3","0","0%","68.3"
"doctor bedok","4","0","0%","50.5"
"pedoatrician","2","0","0%","2"
"lifelink clinic","11","0","0%","58.6"
"kinder clinic parkway parade","7","0","0%","72"
"c3 family clinic","5","0","0%","79.2"
"best child clinic near me","1","0","0%","14"
"paediatrican","2","0","0%","1.5"
"pediatrician and pediatric difference","1","0","0%","14"
"dream kids clinic","1","0","0%","9"
"kids clinic at tampines","7","0","0%","25.7"
"best pediatrician doctor near me","2","0","0%","20.5"
"pediatric developmental specialist near me","19","0","0%","88.9"
"kids hospital near me","17","0","0%","12.4"
"24 hour pediatrician near me","3","0","0%","26.3"
"bedok clinic","339","0","0%","43.9"
"kids inc","1","0","0%","1"
"24 hour clinic serangoon gardens","1","0","0%","96"
"sengkang clinic compass one","5","0","0%","17.6"
"baby clin","1","0","0%","5"
"jo-lin clinic","5","0","0%","71.6"
"specialkids child health & development clinic","2","0","0%","74.5"
"pediatric health clinic","2","0","0%","46.5"
"good paediatrician near me","6","0","0%","8.3"
"medical clinic for kids near me","1","0","0%","4"
"paediatric and family clinic","19","0","0%","38.1"
"clinic near me within 400m","13","0","0%","7.5"
"pedia clinic open today","4","0","0%","7.5"
"clinic link","2","0","0%","5"
"paedatrician near me","11","0","0%","9.4"
"on call pediatrician near me","2","0","0%","21.5"
"pediatrics doctor near me","2","0","0%","13"
"bok family clinic","2","0","0%","93.5"
"kid pediatric","5","0","0%","7.2"
"child specialist doctor","2","0","0%","57.5"
"kids antibiotics","1","0","0%","5"
"polyclinic pediatrician","4","0","0%","6"
"indian pediatrician near me","2","0","0%","3.5"
"paediatric doctors","5","0","0%","40.8"
"小儿科诊所","1","0","0%","8"
"klinik kanak","1","0","0%","4"
"pediatriciam near me","1","0","0%","12"
"cherry clinic hougang","6","0","0%","23.5"
"kinder doctor near me","1","0","0%","10"
"kidz klinik opening hours","1","0","0%","1"
"dermatologist singapore jurong","1","0","0%","63"
"paediatrician open on sunday","3","0","0%","12.3"
"clinics near me within 400m","1","0","0%","4"
"doctor for my infant","1","0","0%","2"
"childrens clinic pediatricians","2","0","0%","11"
"children clinic 24 hours","2","0","0%","2.5"
"children medicine","1","0","0%","2"
"island family clinic","2","0","0%","91.5"
"pasir ris child clinic","1","0","0%","44"
"kidz clinic tampines","5","0","0%","16.2"
"east coast clinic bedok","1","0","0%","50"
"children gastroenterologist near me","1","0","0%","7"
"pd clinic singapore","5","0","0%","9"
"m clinic opening hours","1","0","0%","50"
"dr siva paragon","1","0","0%","39"
"children","2","0","0%","2"
"children tcm orchard","1","0","0%","95"
"chua xiuzhen","5","0","0%","30"
"peaditrician near me","10","0","0%","9.7"
"cherry child clinic","4","0","0%","25.5"
"pardiatrician near me","6","0","0%","10.8"
"childrent ent singapore","6","0","0%","88"
"childrens care","1","0","0%","1"
"childrens pediatrics","2","0","0%","26"
"pediatric development center","1","0","0%","95"
"kid","5","0","0%","7.4"
"baby clinic open on sunday","12","0","0%","12.3"
"temasek clinic & surgery","4","0","0%","84.5"
"kids doctor clinic near me","2","0","0%","10"
"gleneagles pediatric clinic","1","0","0%","98"
"paediatrician appointment","1","0","0%","44"
"chua clinic bukit batok","5","0","0%","37.4"
"新加坡kk医院","1","0","0%","39"
"link dr","4","0","0%","10"
"paediatricians best near me","1","0","0%","39"
"baby check up near me","2","0","0%","4"
"baby doctor pediatrician near me","6","0","0%","8.8"
"paediatric gastroenterologist singapore","23","0","0%","41.6"
"baby care hospital","2","0","0%","45.5"
"child vaccination","2","0","0%","7"
"gp for kids","4","0","0%","5.5"
"pediatrics open today","4","0","0%","8.8"
"yishun paediatric clinic","2","0","0%","58.5"
"kids dental clinic","10","0","0%","35.3"
"kids clinic sengkang dr chua","37","0","0%","12.8"
"kids urgent care","2","0","0%","68.5"
"near child specialist","4","0","0%","3.3"
"peds doctors near me","1","0","0%","4"
"hfmd symptoms","1","0","0%","1"
"nearby child clinic","20","0","0%","7.9"
"good pediatrician doctor near me","2","0","0%","31"
"paedtrician near me","14","0","0%","8.3"
"jo-lin family clinic & surgery","2","0","0%","68"
"kang an clinic","9","0","0%","27.4"
"happy baby clinic","6","0","0%","61.2"
"child specialist near me","118","0","0%","8.6"
"childrens clinic open near me","1","0","0%","9"
"kids hospital singapore","6","0","0%","21.3"
"happy kids children’s specialist clinic taman molek","1","0","0%","8"
"specialized pediatrician","2","0","0%","9"
"dr vanessa lim","1","0","0%","39"
"westwind pediatric clinic","1","0","0%","26"
"kids clinic india pvt ltd","1","0","0%","81"
"kids first clinic","3","0","0%","49"
"clinic in jurong east","12","0","0%","36.5"
"clinics pediatrics","1","0","0%","29"
"lim kwang hsien","9","0","0%","62.6"
"kids developmental clinic","2","0","0%","7"
"paedsengage clinics","4","0","0%","6.5"
"dr kao pao tang","2","0","0%","69"
"paediatric physiotherapy singapore","3","0","0%","99.7"
"pediatrics singapore","18","0","0%","15.9"
"kids links","4","0","0%","1.8"
"children dental","1","0","0%","25"
"kids clinic opening hours","4","0","0%","6"
"link child","2","0","0%","8"
"anson international paediatric","2","0","0%","37.5"
"123 child specialist clinic","1","0","0%","52"
"clinic child","5","0","0%","3"
"bedok clinic 24 hours","5","0","0%","48.6"
"treetop medical bedok","1","0","0%","30"
"00020101021126520008com.grab0136ee733a13-d520-4401-a73d-e868f0c0dd7c5204581453037025802sg5925subway - choa chu kang...6009singapore610668923662400507xzdjdi70725adee31e82b29d8bb3c92b82c864350002en0125subway - choa chu kang...6304c579","2","0","0%","6"
"top rated pediatrician near me","1","0","0%","92"
"paediatric & gastroenterology clinic","2","0","0%","29.5"
"paedetrician","5","0","0%","1.4"
"tampines baby and child clinic","10","0","0%","23.7"
"clinic jurong","11","0","0%","89.4"
"clinic for infants near me","15","0","0%","7.9"
"pediatrician consultation","4","0","0%","7.5"
"clinic near me within 800m","3","0","0%","14.3"
"child vaccinations near me","1","0","0%","3"
"6936 5000","2","0","0%","4"
"child clinic near by me","5","0","0%","12"
"clinic at buangkok mrt","2","0","0%","73"
"kid clinic punggol","10","0","0%","18.9"
"pediatric childrens clinic","1","0","0%","10"
"sg 136","1","0","0%","40"
"pediatrician near me open weekends","1","0","0%","12"
"new born clinic near me","1","0","0%","11"
"kds clinic","1","0","0%","3"
"pd open on sunday singapore","6","0","0%","14.7"
"dr lim hong huay","6","0","0%","40.2"
"24 hour paediatric clinic singapore","2","0","0%","28.5"
"pediatric hospital near me within 1.6 km","2","0","0%","5"
"pediatric x ray near me","1","0","0%","13"
"where to get mmr vaccine for kids","1","0","0%","6"
"child clinic near me within 800m","1","0","0%","10"
"development clinic","23","0","0%","77.6"
"kids clinic at sengkang","83","0","0%","5.1"
"pd kids","2","0","0%","12"
"dr chua pediatrician clinic","1","0","0%","54"
"540237","13","0","0%","17.2"
"public clinic near me","1","0","0%","1"
"kids clinic at toa payoh","1","0","0%","31"
"clinics near ne","1","0","0%","9"
"jurong pte ltd","2","0","0%","2"
"night clinic for kids","3","0","0%","26.7"
"pediatric urgent care near me​","1","0","0%","1"
"24 7 pediatrician near me","2","0","0%","65"
"vacinne","1","0","0%","8"
"choa chu kang 24hrs clinic","5","0","0%","52.2"
"hand doctor near me","1","0","0%","2"
"children emergency","4","0","0%","94.5"
"thomson baby clinic","1","0","0%","12"
"kis clinic","1","0","0%","1"
"clinics for kids","12","0","0%","8"
"dr vanessa tee","1","0","0%","68"
"walk in clinic for kids","1","0","0%","1"
"คลินิกเด็ก ใกล้ฉัน","1","0","0%","1"
"clinic near me kids","20","0","0%","8.3"
"pd near","2","0","0%","9.5"
"childerns clinic","1","0","0%","12"
"paedetrics","1","0","0%","6"
"pediatric care near me","2","0","0%","17.5"
"kids dental polyclinic","1","0","0%","13"
"northlink (woodlands) clinic","3","0","0%","62.7"
"tamiflu for kids singapore","1","0","0%","12"
"pediatrician singapore open on sunday","11","0","0%","9.5"
"olive tree clinic sengkang opening hours","3","0","0%","33.7"
"immunization clinic for kids near me","1","0","0%","1"
"paediatric clinic bukit batok","11","0","0%","12.5"
"paedatric","3","0","0%","2"
"saturday pediatric clinic near me","1","0","0%","6"
"68860776","1","0","0%","8"
"good baby doctor near me","1","0","0%","34"
"good pediatric doctors near me","2","0","0%","23.5"
"near me pediatrician doctor","2","0","0%","16"
"clinics in punggol","3","0","0%","72"
"盛港诊所","9","0","0%","15.8"
"child care hospital","2","0","0%","44"
"pediatrician near ne","4","0","0%","10"
"dr kao pao-tang","20","0","0%","73.6"
"toddler doctor near me","4","0","0%","9"
"behavioral pediatrician near me","1","0","0%","67"
"child paediatrician near me","3","0","0%","10.7"
"children’s doctor","1","0","0%","25"
"wheezing medicine for kids","1","0","0%","13"
"kidz health","1","0","0%","12"
"pediatric medical clinic","2","0","0%","22"
"kinder clinic opening hours","4","0","0%","9.8"
"gp for babies","2","0","0%","9"
"pediatrician neat me","1","0","0%","10"
"children teleconsult","2","0","0%","74.5"
"nearest child clinic near me","1","0","0%","8"
"thomson medical pediatric clinic opening hours","1","0","0%","49"
"pediatric walk in clinic","4","0","0%","36.5"
"children medical clinic","2","0","0%","7"
"kids clinic @ punggol by smg photos","7","0","0%","20"
"vanessa dentist","1","0","0%","1"
"clinic sunday open","1","0","0%","59"
"clinic pediatric near me","13","0","0%","9.2"
"kind clinic","1","0","0%","3"
"kids doctore","1","0","0%","1"
"kids medical clinic","5","0","0%","13.4"
"pediatrician’s","1","0","0%","1"
"cck doctor","1","0","0%","11"
"east point pediatrics","3","0","0%","5.7"
"prediatic","1","0","0%","3"
"immunization clinic","1","0","0%","2"
"paediatric clinic @ sengkang","1","0","0%","4"
"kids","4","0","0%","8"
"paediatrician sunday singapore","10","0","0%","7.4"
"pedeatrician near me","8","0","0%","7.6"
"klinik bayi near me","4","0","0%","7.5"
"dr heng kids clinic","34","0","0%","8.4"
"24 hour baby clinic near me","1","0","0%","41"
"peadiatrics near me","2","0","0%","9.5"
"pediatrician sengkang general hospital","2","0","0%","11"
"hand mouth foot disease symptoms","1","0","0%","1"
"baby klinik near me","3","0","0%","14.3"
"kids clinic @ punggol by smg","10","0","0%","25.2"
"walk kids","1","0","0%","4"
"general check up for kids","1","0","0%","5"
"sbcc clinic rivervale","2","0","0%","51.5"
"paedoatric","1","0","0%","3"
"toddler diarrhoea","1","0","0%","9"
"baby diarrhea","1","0","0%","5"
"シンガポール 小児科","19","0","0%","90.4"
"baby & child medical group","25","0","0%","37.9"
"childrens climic","1","0","0%","11"
"pd yishun","2","0","0%","34.5"
"really sick","1","0","0%","8"
"house call pediatrician","1","0","0%","55"
"child link","3","0","0%","1.7"
"clinic at yew tee","1","0","0%","52"
"general pediatrician near me","3","0","0%","9.7"
"dugasan children clinic","2","0","0%","34.5"
"clinics","2","0","0%","46.5"
"pediatric emergency clinic near me","1","0","0%","35"
"24hr pediatric urgent care","1","0","0%","70"
"pediatric north","2","0","0%","4"
"clinic joo chiat","2","0","0%","82.5"
"specialist doctor for kids","1","0","0%","8"
"nearest gp clinic near me","1","0","0%","47"
"spd bedok","1","0","0%","40"
"doctor for kids","28","0","0%","6.5"
"bukit panjang clinic","1","0","0%","99"
"nearby pediatric","1","0","0%","11"
"clinic within 400m","1","0","0%","4"
"doctor for baby","1","0","0%","2"
"gp opens on sunday","1","0","0%","32"
"urgent care pediatrics near me","1","0","0%","10"
"singapore klinik kulim","1","0","0%","33"
"near by kids clinic","1","0","0%","10"
"child specialist emergency near me","1","0","0%","5"
"kidz clinic oasis","10","0","0%","35.5"
"peads doctor","1","0","0%","1"
"kidplus","1","0","0%","2"
"kidz klinik","3","0","0%","27.7"
"compassvale street clinic","2","0","0%","41.5"
"妇科","1","0","0%","94"
"pediatrics urgent care near me","1","0","0%","51"
"preemie pediatrician near me","1","0","0%","6"
"dr for kid","1","0","0%","7"
"peditri","1","0","0%","4"
"prdiatrician","1","0","0%","2"
"kids klinik","8","0","0%","9.8"
"paediatric means","1","0","0%","5"
"poly clinic","1","0","0%","28"
"24 7 pediatric care center","1","0","0%","60"
"best paediatric doctors near me","2","0","0%","43"
"rajshree kids clinic","1","0","0%","22"
"pediatric specialists","2","0","0%","3.5"
"children health","2","0","0%","3"
"newborn bcg","1","0","0%","8"
"doctors near me pediatrician","2","0","0%","36.5"
"childrens ent clinic","76","0","0%","162.7"
"paedsengage gp","1","0","0%","4"
"medical center pediatrics","1","0","0%","16"
"hand and foot disease","1","0","0%","5"
"paedistrician","2","0","0%","2"
"doctor for toddlers","1","0","0%","15"
"children check up","1","0","0%","2"
"polyclinic appointment hotline","4","0","0%","46.3"
"pediatric open today","1","0","0%","12"
"lee li lian","1","0","0%","6"
"pediatric clinic near me walk-in","2","0","0%","16.5"
"pediatric doctor open now","1","0","0%","12"
"dr dawn lim paediatrician","1","0","0%","34"
"baby clinic near bukit batok","3","0","0%","12"
"chicken pox virus","1","0","0%","1"
"olive tree baby & kids clinic","1","0","0%","47"
"pediatric dentist","1","0","0%","30"
"which clinic open on public holiday","1","0","0%","51"
"best baby clinic near me","4","0","0%","7.8"
"clinics open on good friday","1","0","0%","55"
"clinic for children and young adults","1","0","0%","1"
"pediatricain near me","1","0","0%","11"
"west medical centre","1","0","0%","91"
"walk in clinic for infants near me","1","0","0%","12"
"children nose bleed","1","0","0%","4"
"clinic near buangkok mrt","1","0","0%","25"
"136 bedok","1","0","0%","54"
"dermatologist child specialist","1","0","0%","43"
"greenville pediatric clinic","1","0","0%","95"
"pedratics","2","0","0%","1.5"
"choa chu kang mrt clinic","2","0","0%","38"
"baby clinic hougang","19","0","0%","47.8"
"klinik paediatric near me","4","0","0%","24.3"
"dr vanesa heng","17","0","0%","11.8"
"child doctor nearby","3","0","0%","11"
"children doc","8","0","0%","10.3"
"children toothache medicine","1","0","0%","12"
"kidz care pediatrics","1","0","0%","1"
"near by childrens clinic","1","0","0%","9"
"pediatric st","1","0","0%","8"
"kidsclinic punggol","5","0","0%","29.8"
"klinik mesra kanak-kanak near me","1","0","0%","2"
"petite practice – paediatric & allergy clinic","1","0","0%","1"
"childs clinic","19","0","0%","7.4"
"klinik baby","2","0","0%","34"
"baby vaccination near me","3","0","0%","13.3"
"paediatrics near me","52","0","0%","10.4"
"24hrs clinic bedok","2","0","0%","71"
"vanessa heng","2","0","0%","31"
"child specialist near by me","1","0","0%","11"
"pediatricians open on weekends","3","0","0%","8.3"
"the kids clinic","492","0","0%","9.2"
"paediatric urgent care","10","0","0%","60.2"
"paediatrics","332","0","0%","36.5"
"paediatrics in singapore","697","0","0%","53.1"
"dr lim child specialist clinic","2","0","0%","43"
"kidzclinic","7","0","0%","4.3"
"children medical card","1","0","0%","1"
"dentist near me kids","1","0","0%","7"
"pediatrician neurologist","1","0","0%","100"
"near by pediatrician","5","0","0%","10.4"
"childrens clinic.","4","0","0%","11.3"
"nearby clinics","1","0","0%","39"
"lee clinic joo chiat","2","0","0%","53"
"growing child pediatrics","1","0","0%","96"
"clinic near bedok reservoir","6","0","0%","47.7"
"kids clinic toa payoh","22","0","0%","51.1"
"top pediatrician","1","0","0%","49"
"raffles childrens centre - kids clinic - 莱佛士儿科医疗中心","1","0","0%","1"
"childrens clinic pediatrics","1","0","0%","12"
"childhood doctor","1","0","0%","2"
"neonatology near me","1","0","0%","5"
"baby child clinic bukit batok","1","0","0%","12"
"kallang bahru family clinic pte ltd","3","0","0%","84"
"pediatrician near me sunday","1","0","0%","11"
"vision kids","1","0","0%","3"
"elias baby clinic","1","0","0%","33"
"children specialist doctor near me","4","0","0%","10.8"
"gp clinic open on public holiday","1","0","0%","80"
"dr belinda clinic","1","0","0%","48"
"pd in singapore","1","0","0%","19"
"clinic at jurong west","9","0","0%","102"
"child medical check up","1","0","0%","12"
"儿科专科","1","0","0%","12"
"bukit panjang kids clinic","1","0","0%","3"
"pediatric cardiologist singapore","1","0","0%","58"
"pediatra near me","1","0","0%","11"
"child dr","1","0","0%","2"
"250 e main st","1","0","0%","4"
"\""childrens clinic\""","2","0","0%","12"
"find a paediatrician","2","0","0%","5"
"child check up near me","1","0","0%","15"
"24 hour urgent care near me pediatric","1","0","0%","45"
"sbcc clinic clementi","1","0","0%","33"
"childrens hospital 24 hours near me","1","0","0%","67"
"kids night clinic near me","2","0","0%","1.5"
"temasek medical clinic bedok","1","0","0%","62"
"the kid who will be king","1","0","0%","2"
"pediatrician dr near me","1","0","0%","8"
"korean pediatrician near me","1","0","0%","7"
"walk in clinic children","1","0","0%","12"
"children hospitals","1","0","0%","80"
"24 hour pediatric urgent care near me","1","0","0%","76"
"limbang shopping centre clinic","1","0","0%","30"
"medlink clinic","1","0","0%","47"
"respiratory paediatrician","1","0","0%","2"
"new born baby doctor near me","1","0","0%","4"
"paediatrician and neonatologist","1","0","0%","2"
"paediatric meaning","1","0","0%","1"
"pediatritian","1","0","0%","2"
"kids immunization","1","0","0%","9"
"healthlink","1","0","0%","1"
"clinics singapore","1","0","0%","41"
"kinder clinic mt alvernia","3","0","0%","67"
"klinik check baby","1","0","0%","9"
"pediatrician best near me","2","0","0%","61.5"
"dr janice paediatric centre","8","0","0%","60.6"
"kinderclinic","71","0","0%","10.7"
"paediatrician punggol","42","0","0%","20.2"
"paediatric services singapore","334","0","0%","42"
"kids gp","3","0","0%","5"
"compass one paediatric","26","0","0%","9.8"
"paediatric hospital","26","0","0%","76.5"
"24 hour clinic sengkang","1","0","0%","88"
"child specialist doctor near me","2","0","0%","12"
"pediatric clinic near me open today","2","0","0%","16.5"
"pd ng","1","0","0%","1"
"baby doctor clinic","1","0","0%","5"
"24 hours paediatric clinic near me","3","0","0%","22"
"pedantic doctor","1","0","0%","1"
"pediatric cardiology singapore","1","0","0%","56"
"sengkang doctor","1","0","0%","60"
"cck sub in","1","0","0%","4"
"pediatrician family doctor near me","2","0","0%","28"
"special clinic for children","1","0","0%","2"
"pediatrics east weekend clinic","1","0","0%","6"
"chinese general hospital pedia","1","0","0%","45"
"nearest hospital for children","1","0","0%","11"
"allkids","1","0","0%","2"
"tampines child clinic","399","0","0%","27.3"
"clinic at compass one","48","0","0%","18.8"
"clinic kids near me","44","0","0%","8.9"
"pediatric infectious disease doctor near me","1","0","0%","6"
"chldrens","1","0","0%","1"
"chickenpox","1","0","0%","3"
"cck opening hours","1","0","0%","34"
"pd sunday","2","0","0%","7"
"neonatologist","3","0","0%","7"
"eastern clinic bedok reservoir","1","0","0%","81"
"children clinic near me within 800m","2","0","0%","11.5"
"sengkang children emergency","3","0","0%","10.3"
"pedetrition","2","0","0%","13"
"closest pediatric hospital","1","0","0%","9"
"clinic baby","7","0","0%","7.9"
"polyclinic appointment booking time","1","0","0%","75"
"pediatrician pasir ris","3","0","0%","46"
"paediatric medical","1","0","0%","2"
"childrens pediatrician near me","4","0","0%","8.5"
"singapore child specialist","317","0","0%","20"
"children clinic jurong east","13","0","0%","1.8"
"kids pd","52","0","0%","7.2"
"kinder parkway east","41","0","0%","57.4"
"pedia open on sunday","4","0","0%","6.5"
"best paediatrician","2","0","0%","74.5"
"pediatric singapore","21","0","0%","13.2"
"paediatrician clinic in singapore","218","0","0%","22.1"
"pediatric neonatologist singapore","109","0","0%","90.5"
"clinic sengkang grand mall","7","0","0%","9.3"
"kids clinic mount alvernia","9","0","0%","59.2"
"paediatrician clinic near me","23","0","0%","9.6"
"children doctor","269","0","0%","12.1"
"child care clinic near me","11","0","0%","8.4"
"paediatric clinic tampines","58","0","0%","25.4"
"child specialist","624","0","0%","31.2"
"kinder clinic gleneagles","10","0","0%","74.7"
"child care clinic","21","0","0%","40.9"
"gp paediatrician","4","0","0%","4.5"
"medical kids","1","0","0%","1"
"kids clinic tampines","61","0","0%","25.8"
"kids vaccination near me","7","0","0%","6.3"
"child counselling singapore","134","0","0%","151.6"
"dr lim paediatrician","2","0","0%","20.5"
"fernvale link clinic","7","0","0%","48"
"clinic in bedok","52","0","0%","40.8"
"lam baby & child clinic","262","0","0%","44.8"
"clinic at sengkang","20","0","0%","32.8"
"womens and children clinic","1","0","0%","2"
"bedok doctor","11","0","0%","30.8"
"best pediatricians near me","2","0","0%","72.5"
"kids pediatric clinic","4","0","0%","12.5"
"kids clinic seng kang","6","0","0%","8.5"
"kid teleconsult","8","0","0%","92.8"
"dr cheong yee ling","13","0","0%","46.4"
"the pediatric clinic","3","0","0%","17.7"
"kids pediatrician","26","0","0%","9.1"
"pediatric kids clinic","5","0","0%","1.6"
"dr allyson tan","5","0","0%","40.4"
"child health screening singapore","4","0","0%","90.5"
"child pediatrics near me","5","0","0%","8.2"
"health screening for children singapore","3","0","0%","91.3"
"pediatrician email addresses","1","0","0%","64"
"pediatric podiatrist singapore","37","0","0%","59.7"
"baby pediatrician near me","39","0","0%","6.4"
"vanessa","1","0","0%","4"
"bumblebee kids clinic","1","0","0%","34"
"specialists for children","6","0","0%","49.7"
"childrens specialist near me","1","0","0%","12"
"pediatric doctor near me now","3","0","0%","12.7"
"family clinic sengkang","27","0","0%","78.1"
"cck clinic near me","17","0","0%","17.2"
"atrium childrens clinic","1","0","0%","1"
"68178883","1","0","0%","5"
"pediatric ent clinic singapore","2","0","0%","77"
"doctor appointment for kids","1","0","0%","1"
"pediatrcian near me","2","0","0%","11.5"
"pediatric clinics","21","0","0%","9.9"
"paediactrics","1","0","0%","2"
"chicken pox vaccine singapore","1","0","0%","6"
"pediatric clinic open on saturday","6","0","0%","8.8"
"walk in clinic near me open now","4","0","0%","81.3"
"kinderarts near me","1","0","0%","3"
"pediatrices","1","0","0%","8"
"kids paracetamol","1","0","0%","3"
"pediatric clinic open near me","2","0","0%","12"
"kids clinic near me open now","53","0","0%","6.3"
"peidatrics","1","0","0%","2"
"influenza a toddler","1","0","0%","3"
"clinic bedok","8","0","0%","42"
"paediatric or pediatric","4","0","0%","6.3"
"24 hour pediatric urgent care","1","0","0%","48"
"kidslink clinic bedok north","32","0","0%","2.8"
"walk in pediatric clinic near me","2","0","0%","11"
"24 hour pediatric clinic near me","229","0","0%","26.7"
"dr hp singh pediatrician","1","0","0%","26"
"kids clinic novena","7","0","0%","70.7"
"childrens urgent care near me","4","0","0%","56.8"
"kids clinica","3","0","0%","5.7"
"pead near me","2","0","0%","22.5"
"special needs doctor","2","0","0%","9.5"
"kidshealth paediatric clinic","24","0","0%","36.8"
"nearest pediatrician to me","3","0","0%","10.3"
"happy kids clinic","1","0","0%","1"
"walk in paediatrician near me","5","0","0%","13.4"
"kk clinic","7","0","0%","83.1"
"pediatric plastic surgeon singapore","8","0","0%","88.6"
"edinburgh clinic cck","6","0","0%","60"
"nearest pediatrician near me","8","0","0%","6.6"
"paediatric & family medical centre pte ltd","9","0","0%","64.7"
"dr chong clementi","5","0","0%","88.6"
"rehabilitation centre","1","0","0%","142"
"child development assessment singapore","36","0","0%","76.7"
"west pediatric clinic","1","0","0%","1"
"kids clonic","15","0","0%","5.7"
"nearby pediatrician doctor","3","0","0%","17"
"kid doctor","65","0","0%","14.6"
"private paediatrician","1","0","0%","6"
"kidclinic","4","0","0%","4.8"
"mbbs pediatrician","1","0","0%","31"
"nearby child doctor","1","0","0%","8"
"paediatric neurologist singapore","2","0","0%","80"
"clinic open","4","0","0%","43"
"klinik kids near me","5","0","0%","10.2"
"kids clinic near by","2","0","0%","9.5"
"the baby and child clinic reviews","7","0","0%","51.6"
"paediatric clinic (jurong)","1","0","0%","4"
"adc pediatrics","1","0","0%","70"
"child adolescent clinic","1","0","0%","8"
"general pediatric clinic","3","0","0%","10.3"
"pediatrician that comes to your house","1","0","0%","11"
"choa chu kang centre directory","3","0","0%","1"
"childrens medicine","3","0","0%","59"
"dr stanley peck family clinic","1","0","0%","52"
"dr tan paediatrician","1","0","0%","39"
"doctors for babies near me","1","0","0%","12"
"the best pediatrician near me","2","0","0%","33"
"childrens clinic west","4","0","0%","5.5"
"paediatric child development","1","0","0%","11"
"call pediatrician","1","0","0%","21"
"baby health centre","1","0","0%","50"
"kinder clinic ulu pandan","2","0","0%","16"
"paediatric ent singapore","14","0","0%","90.5"
"paediatric dentist near me","1","0","0%","4"
"pd tampines","17","0","0%","41.6"
"private pediatrician near me","2","0","0%","1"
"kids nursery bedok","86","0","0%","73.5"
"dr moodley pediatrician","1","0","0%","39"
"near by baby clinic","2","0","0%","3.5"
"vaccination centre singapore","4","0","0%","10.8"
"paediatric nearby","4","0","0%","8.5"
"kinderklinik near me","1","0","0%","5"
"jurong east clinic near me","8","0","0%","49.5"
"klinik yew","2","0","0%","61.5"
"tampines pediatric clinic","26","0","0%","23.5"
"kids peds","1","0","0%","6"
"doctor near me for kids","3","0","0%","7"
"kindred family clinic","3","0","0%","63"
"children clinic east","10","0","0%","7.3"
"kids pharmacy","1","0","0%","1"
"child development clinic singapore","12","0","0%","52.3"
"public pediatrician near me","3","0","0%","11"
"private clinic for children","1","0","0%","1"
"bukit panjang sbcc","1","0","0%","62"
"pediatrician open on saturday near me","4","0","0%","7"
"a good pediatrician near me","2","0","0%","38"
"doctor for kids near me","11","0","0%","8.3"
"kids medicine","1","0","0%","7"
"walk in clinic pediatric near me","1","0","0%","7"
"walk in pediatrics","1","0","0%","7"
"clyn clinic","1","0","0%","1"
"health insurance for toddler","1","0","0%","3"
"choa chu kang clinic open now","3","0","0%","30.7"
"is polyclinic open on saturday","1","0","0%","9"
"sunday pediatric clinic","23","0","0%","13.9"
"pediatrician near me open today","4","0","0%","12"
"doctor paediatrician","1","0","0%","5"
"pediatric doctors near me","10","0","0%","10.5"
"24 hr clinic cck","2","0","0%","67"
"fever in toddler","1","0","0%","5"
"paedietric","1","0","0%","2"
"compass pediatrics reviews","1","0","0%","31"
"children paediatrician","1","0","0%","3"
"the paediatric clinic","26","0","0%","25.2"
"kids cli","8","0","0%","4.1"
"toa payoh kids clinic","12","0","0%","53.3"
"兒科医生","7","0","0%","8.1"
"clinic open near me","1","0","0%","10"
"top pediatricians near me","3","0","0%","33.7"
"infant doctor","3","0","0%","4.3"
"nearby baby hospital","1","0","0%","9"
"chong clinic clementi","1","0","0%","74"
"nearest child hospital","1","0","0%","44"
"dr vellayappan singapore","9","0","0%","35.4"
"pediatrician meaning","3","0","0%","7.7"
"pediatric clinic open today","4","0","0%","8.3"
"pediatric family clinic tampines","4","0","0%","33.3"
"clinic at bedok","8","0","0%","36.3"
"night clinic pediatric near me","1","0","0%","20"
"lady pediatrician","1","0","0%","1"
"dr kids child specialist clinic","2","0","0%","7.5"
"child vaccine clinic near me","1","0","0%","16"
"orthopedic pediatrician singapore","2","0","0%","62.5"
"pandan valley kinder clinic","5","0","0%","60.2"
"pediatricis","2","0","0%","1"
"saw baby & child clinic","18","0","0%","44.3"
"hand foot mouth disease symptoms toddler","1","0","0%","1"
"children doctors near me","1","0","0%","7"
"kids paediatrician","16","0","0%","7.4"
"sbcc baby & child clinic (bukit panjang)","3","0","0%","19"
"paediatricians near","4","0","0%","24.3"
"children clinic near me within 1.6 km","1","0","0%","3"
"kids sengkang","1","0","0%","7"
"cheery child clinic","13","0","0%","35.2"
"chinese pediatrician near me","3","0","0%","7.3"
"good pediatrician singapore","18","0","0%","36.1"
"childerens","1","0","0%","2"
"childrens clinic international","6","0","0%","68.5"
"children hospital singapore","23","0","0%","36.3"
"childrens medical","6","0","0%","83.5"
"paediatricians near me","19","0","0%","13"
"nearest baby doctor","3","0","0%","9"
"aglow baby & child specialist clinic","4","0","0%","51.5"
"sbcc baby & child clinic singapore","2","0","0%","82.5"
"padaetric","3","0","0%","1.7"
"klink","13","0","0%","4.3"
"best pediatrician singapore","344","0","0%","30.6"
"child clinic hougang","15","0","0%","57.5"
"walking clinic close to me","4","0","0%","83.3"
"kid and","1","0","0%","2"
"婴儿诊所","2","0","0%","13.5"
"the kid clinic","7","0","0%","12.4"
"which doctor to consult for child growth","1","0","0%","14"
"24 hrs pediatrician near me","2","0","0%","23"
"the baby and child clinic","65","0","0%","26.6"
"havelock family clinic","3","0","0%","92"
"kid therapy","1","0","0%","1"
"pediatrics clinics near me","2","0","0%","5.5"
"near me pediatrics","1","0","0%","10"
"kinder mount alvernia","1","0","0%","48"
"children paediatric","2","0","0%","7"
"sbcc ang mo kio","3","0","0%","50"
"foot clinic near me","1","0","0%","1"
"pedtrician near me","1","0","0%","12"
"pediatric urgent care","2","0","0%","95.5"
"dr saw aik hin","1","0","0%","11"
"walk in pediatrician","2","0","0%","10.5"
"k clinic","1","0","0%","13"
"the cliniq","2","0","0%","72.5"
"vaccination for kids","2","0","0%","8.5"
"child urgent care","2","0","0%","64"
"island clinic sengkang","4","0","0%","66.8"
"doctor for baby near me","5","0","0%","6.8"
"padietric","1","0","0%","5"
"chid doctor","1","0","0%","11"
"children clinic johor bahru","1","0","0%","60"
"yang linqi","1","0","0%","74"
"pediatric ucc","1","0","0%","90"
"symptoms of uti in children","1","0","0%","8"
"family clinic jurong east","2","0","0%","29"
"021 7824417","1","0","0%","3"
"doctor for children near me","1","0","0%","19"
"dr patel pediatrician","1","0","0%","1"
"pasir ris baby clinic","2","0","0%","52"
"pediatrician chinese","20","0","0%","9.6"
"tampines paediatric clinic","35","0","0%","32.9"
"baby and child clinic near me","739","0","0%","13.4"
"near children clinic","8","0","0%","11.4"
"medicine for folliculitis","1","0","0%","8"
"pediatrician doctors near me","2","0","0%","14.5"
"paeditric","3","0","0%","1.7"
"dr kids","3","0","0%","4.7"
"nearest child specialist doctor","4","0","0%","12"
"baby doctor in english","1","0","0%","4"
"sbcc baby & child clinic bishan","3","0","0%","38.3"
"cck 24h clinic","1","0","0%","32"
"nearest polyclinic to me","3","0","0%","46"
"新加坡妇科诊所","3","0","0%","60.7"
"儿童医生","1","0","0%","4"
"bedok gp clinic","1","0","0%","55"
"child and kids","2","0","0%","2"
"pediatrician polyclinic","1","0","0%","10"
"cck clinic open now","2","0","0%","13"
"clinic k","1","0","0%","98"
"baby link","2","0","0%","4"
"nicholas pediatrics","1","0","0%","1"
"doctor children near me","1","0","0%","3"
"the kids doctor","1","0","0%","5"
"baby specialist doctor near me","2","0","0%","16.5"
"havelock pediatrician","1","0","0%","1"
"baby pediatrician","4","0","0%","24.8"
"pediatric surgeon","1","0","0%","1"
"dentist for kids near me","1","0","0%","8"
"clinic near taman jurong","2","0","0%","42"
"child doctors near me","2","0","0%","13"
"pediatrician gleneagles","1","0","0%","59"
"klinik paediatric","1","0","0%","28"
"aga paediatrics","1","0","0%","1"
"jack neo children","1","0","0%","1"
"kidz clinic punggol","1","0","0%","41"
"baby doctor hospital","1","0","0%","6"
"annes baby and child clinic","3","0","0%","19.7"
"460136","1","0","0%","74"
"children night clinic","1","0","0%","58"
"walk in clinic close to me","1","0","0%","79"
"pedia near me open today","3","0","0%","11"
"neonatologist in singapore","1","0","0%","95"
"paed near me","74","0","0%","21.2"
"junior baby & child clinic reviews","1","0","0%","21"
"vaccination","1","0","0%","32"
"mhc clinic bedok","1","0","0%","91"
"paedsengage clinic","2","0","0%","8.5"
"clinic at punggol","3","0","0%","78"
"child development unit nuh","1","0","0%","57"
"kinder clinic","899","0","0%","16"
"female pediatrician near me","3","0","0%","2"
"children doctor nearby","1","0","0%","10"
"gp bedok","1","0","0%","75"
"kidm3d","1","0","0%","4"
"best pediatric neurologist singapore","2","0","0%","70"
"childerns doctor","1","0","0%","1"
"unihealth clinic bedok","1","0","0%","91"
"compass kids","1","0","0%","2"
"pediatras near me","1","0","0%","3"
"ped near me","4","0","0%","7.8"
"find pediatrician near me","1","0","0%","8"
"hospital pediatrician","2","0","0%","39"
"kidslink childrens clinic choa chu kang","6","0","0%","1"
"buangkok square clinic","1","0","0%","52"
"pediatrico","1","0","0%","2"
"children medical care","1","0","0%","1"
"clinic jurong east street 13","1","0","0%","46"
"cheap pediatrician near me","1","0","0%","1"
"dr elizabeth khor","1","0","0%","30"
"child specialist pediatrician near me","1","0","0%","4"
"pediatric+clinic","1","0","0%","13"
"sbcc baby & child clinic rivervale","1","0","0%","41"
"punggol clinic near me","1","0","0%","77"
"clinic.near me","1","0","0%","11"
"children vaccination centre near me","3","0","0%","75"
"children immunization","1","0","0%","2"
"clinic pediatrician near me","1","0","0%","10"
"pediatrics newr me","1","0","0%","1"
"kids pediatrics near me","1","0","0%","24"
"memphis childrens clinic","1","0","0%","45"
"paediatrics near me open now","1","0","0%","12"
"kids immunization clinic near me","1","0","0%","1"
"hospitals with pediatric units","1","0","0%","4"
"clinic 400米内","1","0","0%","9"
"妇科诊所near me","2","0","0%","35.5"
"child specalist","1","0","0%","1"
"general paediatricians near me","4","0","0%","14"
"pediatrician bear me","1","0","0%","10"
"dental clinic kids","1","0","0%","7"
"angeline baby clinic","3","0","0%","39"
"st pedia","1","0","0%","5"
"klinik children near me","1","0","0%","5"
"pediatrics clinics","1","0","0%","1"
"folliculis","1","0","0%","1"
"clinics for babies near me","1","0","0%","9"
"nearest clinic near me","6","0","0%","17.8"
"klinik kanak kanak pediacare","2","0","0%","1"
"parkway east pediatric clinic","28","0","0%","31.2"
"kids health","563","0","0%","11.6"
"compassone clinic","9","0","0%","25.1"
"punggol clinic","18","0","0%","68.1"
"compass kids clinic","57","0","0%","10"
"bedok reservoir view clinic","8","0","0%","66"
"medical clinic jurong east","1","0","0%","51"
"bone island clinic","2","0","0%","85"
"womens and childrens clinic","1","0","0%","100"
"sengkang clinic open now","2","0","0%","29.5"
"kids dermatologist singapore","1","0","0%","93"
"heartland clinic bedok","6","0","0%","58.8"
"kinder clinic paragon","8","0","0%","67.1"
"the kidz klinik photos","1","0","0%","42"
"clinic in jurong west","2","0","0%","85"
"pediamed children’s clinic","1","0","0%","6"
"pediatric cardiologist near me","1","0","0%","17"
"kidzhealth","1","0","0%","6"
"junior clinics","1","0","0%","1"
"doctor for child","1","0","0%","2"
"kids clinic.","5","0","0%","8.2"
"kidslink clinic jurong","37","0","0%","1"
"cda clinic near me","14","0","0%","19.6"
"childrens doctor","239","0","0%","19.6"
"peiatric","1","0","0%","2"
"singapore paeds clinic","12","0","0%","20.7"
"jurong east medical clinic","3","0","0%","51.3"
"pediatric respiratory specialist","1","0","0%","12"
"child nursery bedok","2","0","0%","98.5"
"kinder clinic doctors","2","0","0%","11.5"
"parkway paediatric clinic","4","0","0%","59.5"
"childrens clinci","1","0","0%","9"
"chidrens","2","0","0%","1.5"
"karri family clinic","70","0","0%","67.9"
"clinic at jurong east","12","0","0%","34"
"pediatric clinic tampines","72","0","0%","17.2"
"pedeatric","4","0","0%","2"
"dr mohana paediatrician","5","0","0%","93.8"
"children gp near me","10","0","0%","9.8"
"kidz kare clinic","2","0","0%","45"
"clinic jurong east","39","0","0%","35.9"
"儿童诊所","32","0","0%","6"
"kids clinic consultation fee","6","0","0%","15"
"kinder parkway parade","1","0","0%","51"
"children doctor near me open now","7","0","0%","10.7"
"specialist paediatrician","3","0","0%","51.7"
"garden clinic singapore","20","0","0%","29.2"
"clinic buangkok","3","0","0%","52.3"
"newborn clinic near me","10","0","0%","9.7"
"paed clinic","58","0","0%","23.7"
"compassvale clinic operating hours","13","0","0%","16.8"
"polyclinic appointment","7","0","0%","27.9"
"kid doctor near me","38","0","0%","8.1"
"children hospital near me","49","0","0%","10.9"
"child immunisation near me","1","0","0%","1"
"nearby childrens clinic","31","0","0%","11.4"
"clinics sengkang","39","0","0%","37.8"
"sbcc clinic","40","0","0%","54"
"elizabeth kids clinic","32","0","0%","40.2"
"24 hours paediatric clinic singapore","44","0","0%","21.8"
"kids clinic compass","69","0","0%","9.3"
"kawasaki disease singapore","4","0","0%","69.5"
"balkis family clinic","14","0","0%","78.6"
"kinder clinic singapore","21","0","0%","13.8"
"childrens primary care medical group","1","0","0%","91"
"24hrs clinic choa chu kang","16","0","0%","44.8"
"influenza a for kids","1","0","0%","7"
"pediatrian","2","0","0%","2"
"specialist baby doctor","1","0","0%","8"
"24 hour pediatric clinic","2","0","0%","31"
"24 hours clinic open now","1","0","0%","6"
"clinic choa chu kang","67","0","0%","26.7"
"paediatric cardiologist singapore","22","0","0%","56.4"
"pd punggol","4","0","0%","24.8"
"peditritian","1","0","0%","2"
"child specialist singapore","7","0","0%","27.7"
"chinese garden clinic","30","0","0%","9.1"
"garden clinic opening hours","3","0","0%","48.3"
"sick kids","1","0","0%","2"
"prediatric","1","0","0%","2"
"kidlinks","4","0","0%","1"
"perdiatrics","1","0","0%","10"
"general pediatrics near me","3","0","0%","8"
"temasek clinic bedok","10","0","0%","60.8"
"baby clinic pasir ris","1","0","0%","70"
"新加坡儿科诊所","25","0","0%","10"
"best clinic for kids near me","3","0","0%","14.3"
"children healthcare","1","0","0%","1"
"dr chan kit yee","29","0","0%","41.3"
"kids specialist clinic near me","1","0","0%","5"
"the child clinic","1","0","0%","9"
"childrens ho","10","0","0%","63.1"
"childrens after hours clinic","4","0","0%","56.3"
"child urgent care near me","8","0","0%","51.8"
"garden clinic pd","5","0","0%","8"
"pediatris","1","0","0%","2"
"pediotrition","1","0","0%","12"
"singapore pd","3","0","0%","29.3"
"polyclinic singapore","10","0","0%","51.5"
"cda approved clinic","27","0","0%","42.1"
"child doctor pediatrician","3","0","0%","14"
"kids hospital","6","0","0%","4.5"
"clinic singapore","9","0","0%","50.1"
"walk in pediatric clinic","1","0","0%","12"
"north east pediatric","1","0","0%","1"
"paediatric respiratory specialist singapore","2","0","0%","18"
"clinic nearby","10","0","0%","20.8"
"paediatric urgent care centre","138","0","0%","64.9"
"pediatician","1","0","0%","4"
"sengkang grand mall clinic","1","0","0%","17"
"新加坡儿科","1","0","0%","5"
"baby doctor singapore","42","0","0%","8.3"
"kidz clinic opening hours","11","0","0%","8.8"
"pediatric neurologist singapore","13","0","0%","78.5"
"kids pediatrics","6","0","0%","7.3"
"baby paediatrician near me","5","0","0%","13.6"
"night pediatric clinic","3","0","0%","9.7"
"polyclinic hotline","1","0","0%","44"
"pediatrician open near me","4","0","0%","11.3"
"baby clinic bukit batok","183","0","0%","13.3"
"pediatrician near me open","3","0","0%","10"
"pediatric dentist near me","3","0","0%","6.7"
"child clinic bukit batok","11","0","0%","12.3"
"kids clinic punggol","313","0","0%","17.4"
"suction clinic for babies","1","0","0%","2"
"chicken pox vaccination for babies","1","0","0%","15"
"paeds","22","0","0%","34.5"
"kids klinik near me","5","0","0%","6.6"
"singapore baby clinic","2","0","0%","11"
"kids clinic pediatrics","1","0","0%","2"
"pediatrix near me","2","0","0%","3"
"general paediatrician near me","1","0","0%","5"
"dr lim yang chern","2","0","0%","40"
"children ent","2","0","0%","95"
"recommended pediatrician near me","2","0","0%","36.5"
"fever for child","1","0","0%","8"
"kids clinic rivervale plaza","1","0","0%","11"
"pd","17","0","0%","4.8"
"north link clinic","4","0","0%","48.8"
"millcreek childrens clinic","1","0","0%","47"
"klinik budak","1","0","0%","1"
"pediatric near","2","0","0%","7"
"family clinic bedok","7","0","0%","71.1"
"sbcc sengkang","2","0","0%","32"
"paeds near me","10","0","0%","5.4"
"near me pediatrician","2","0","0%","10"
"peads clinic","4","0","0%","8.8"
"kids medical","1","0","0%","1"
"children counselling singapore","1","0","0%","102"
"paediatrician tampines","45","0","0%","31.3"
"child development doctor","21","0","0%","76.5"
"folliculitus","1","0","0%","1"
"pediatric dentist singapore near me","2","0","0%","17"
"pediatrician for babies near me","1","0","0%","10"
"pedatrision","1","0","0%","2"
"chdrens","1","0","0%","2"
"pediatric walk in clinic near me","14","0","0%","5.8"
"paediatric and family medical centre","1","0","0%","70"
"dr ravin","2","0","0%","1.5"
"child health clinic","1","0","0%","47"
"kidz doctor","3","0","0%","9.3"
"pediatrician near by","9","0","0%","9.6"
"children’s clinic near me","14","0","0%","7.9"
"the kids clinic reviews","6","0","0%","30.7"
"pediotrician","1","0","0%","2"
"kids dr near me","1","0","0%","13"
"poliklinik near me","1","0","0%","41"
"baby vaccine locations","1","0","0%","1"
"dr belinda pediatrician singapore","2","0","0%","38.5"
"paeditician","1","0","0%","2"
"fever medicine for kids","1","0","0%","10"
"nearby clinic","6","0","0%","41.8"
"doctor sengkang","3","0","0%","49"
"child clinic open now","4","0","0%","6.8"
"angelin baby clinic woodlands","3","0","0%","45.3"
"vino child care clinic","1","0","0%","12"
"kids doctor open now","1","0","0%","12"
"best child hospital near me","1","0","0%","9"
"dr chu pediatrician","5","0","0%","5.6"
"peadatric","1","0","0%","2"
"pediatrician visit","1","0","0%","64"
"junior baby & child clinic","8","0","0%","49.9"
"imc childrens","6","0","0%","92.7"
"kid links clinic","2","0","0%","2"
"mount alvernia kids clinic","2","0","0%","47.5"
"after school doctor","3","0","0%","13"
"paediatric clinic in singapore","11","0","0%","15.2"
"klink number","1","0","0%","2"
"dr balkis clinic","5","0","0%","50.6"
"pediatric clinic open on weekends","1","0","0%","8"
"childrens specialist clinic","1","0","0%","12"
"compass one doctor","1","0","0%","14"
"nicklaus","3","0","0%","1.3"
"st clinic bedok","3","0","0%","53.7"
"dr devi pediatrician","1","0","0%","1"
"mason pediatric clinic","1","0","0%","71"
"imc camden pediatrics","2","0","0%","72.5"
"clinics in jurong west","1","0","0%","101"
"east side pediatric","3","0","0%","3.3"
"儿科医生near me","3","0","0%","3"
"circumcision clinic for baby girl","3","0","0%","6.3"
"klinik paeds near me","2","0","0%","25"
"paediatricians specialist near me","7","0","0%","29.7"
"pediatric open now","6","0","0%","11"
"sengkang baby clinic","23","0","0%","4.7"
"paediatric surgeon singapore","12","0","0%","78.6"
"tan kuanyang","13","0","0%","60.1"
"dr chu hui ping","1","0","0%","62"
"ibca clinic","9","0","0%","50.8"
"nearest clinic to me","3","0","0%","27.3"
"yeo wee song","2","0","0%","67"
"kids clinic 24 hours","3","0","0%","5.7"
"pedeatrician","2","0","0%","2"
"polyclinic operating hours","1","0","0%","23"
"paediatrician nearby","3","0","0%","3.3"
"walk in pediatrics near me","1","0","0%","9"
"padiatrician","1","0","0%","1"
"childrens specialist","4","0","0%","5.3"
"pediatric nearby","3","0","0%","5"
"pediatric physicians","1","0","0%","44"
"vaccine.gov.sg","1","0","0%","4"
"padeatric","3","0","0%","2.7"
"kkh pediatrician","1","0","0%","36"
"pediatric near me open now","4","0","0%","7.5"
"local pediatricians","1","0","0%","1"
"childs doctor","1","0","0%","1"
"pedia clinic near me open today","2","0","0%","8"
"anthony baby and child clinic","1","0","0%","32"
"clinic at sengkang grand mall","3","0","0%","28.7"
"rivervale plaza kids clinic","3","0","0%","11"
"ikids","2","0","0%","1"
"baby clothes near me","1","0","0%","1"
"singapore clinic kulim","5","0","0%","59.8"
"儿科医生","6","0","0%","17.8"
"klinik bayi","3","0","0%","9"
"pediatician near me","2","0","0%","12.5"
"talking point","1","0","0%","7"
"children pediatrics near me","1","0","0%","12"
"children health centre","2","0","0%","1"
"child development screening singapore","29","0","0%","86.2"
"recommended paediatrician singapore","16","0","0%","40.7"
"clinic for children near me","60","0","0%","8.7"
"child doctor paediatricians","12","0","0%","50.4"
"pediatrician for babies","1","0","0%","9"
"paed dr","2","0","0%","7.5"
"dr yang linqi","2","0","0%","63.5"
"nearest children clinic","47","0","0%","7.7"
"clinics near me","22","0","0%","25.7"
"136 punggol walk","2","0","0%","67.5"
"newborn doctors near me","1","0","0%","6"
"family clinic choa chu kang","4","0","0%","65.3"
"dr karuppiah vellayappan","1","0","0%","41"
"peditrician near me","18","0","0%","10.6"
"block 237","96","0","0%","31.7"
"dr yang pediatrician","1","0","0%","4"
"paedeatrician","1","0","0%","2"
"pediatrition","2","0","0%","1.5"
"foot pediatrician","1","0","0%","1"
"pediatrician doctor near me open now","1","0","0%","12"
"low cost pediatric clinic near me","1","0","0%","5"
"treasure valley childrens clinic","1","0","0%","43"
"doctor near me for children","2","0","0%","8.5"
"baby and child tampines","7","0","0%","24.9"
"clinic on sunday","1","0","0%","49"
"dentist for kids","1","0","0%","10"
"pediatruc","1","0","0%","2"
"gp paediatrician near me","1","0","0%","1"
"paediatric clinic woodlands","1","0","0%","14"
"dr pediatrician","3","0","0%","21.7"
"vaccine go where","2","0","0%","28.5"
"mday kanh jroung","3","0","0%","15"
"pediatric urgent care center","1","0","0%","83"
"paediatric appointment","2","0","0%","2"
"developmental pediatrician near me","4","0","0%","55.8"
"kid doctor pediatrician","2","0","0%","10"
"sengkang clinics","1","0","0%","63"
"gp near me for kids","1","0","0%","33"
"dr klink","1","0","0%","7"
"suffolk pediatrics","1","0","0%","100"
"general pediatrician","1","0","0%","7"
"peds doctor near me","1","0","0%","6"
"kk hospital pediatrician","6","0","0%","61.7"
"pediatic near me","1","0","0%","4"
"paediatrician open on saturday","5","0","0%","11.2"
"west pediatric","1","0","0%","4"
"island family clinic (seletar)","3","0","0%","1.7"
"walk in kids clinic near me","1","0","0%","12"
"pediatrician for my teen","1","0","0%","2"
"doctor children","1","0","0%","1"
"pediatric emergency near me","1","0","0%","26"
"pediatric center near me","2","0","0%","13.5"
"klinik kang","1","0","0%","35"
"childrens physicians","1","0","0%","11"
"peds dr","2","0","0%","2.5"
"pediatrician clinics near me","3","0","0%","7.7"
"medical clinic near me","1","0","0%","8"
"kid dr","1","0","0%","12"
"paedistric","1","0","0%","1"
"dr pediatrician near me","3","0","0%","12.3"
"paediatrician open today","2","0","0%","2"
"toddler vomitting","1","0","0%","1"
"klinik kanak kanak near me","18","0","0%","6.6"
"kidslink school","1","0","0%","7"
"dentist sengkang","1","0","0%","62"
"child specilist near me","1","0","0%","1"
"child wellness centre","1","0","0%","3"
"baby and child clinic tampines","408","0","0%","29.3"
"pediatrician open sunday","43","0","0%","9.3"
"pediatrician near mw","1","0","0%","11"
"sengkang compass one clinic","22","0","0%","15.1"
"paediatric tampines","31","0","0%","32"
"childrens","132","0","0%","15.4"
"paediatrics singapore","257","0","0%","55.8"
"the kids clinic, singapore, singapore, singapore","14","0","0%","17.4"
"son clinic","1","0","0%","2"
"clinics in sengkang","8","0","0%","59.5"
"child doctor near me","114","0","0%","9"
"tampines pediatric","6","0","0%","23.2"
"chua chu kang clinic","5","0","0%","32.8"
"near pediatrician","12","0","0%","9.3"
"pd west","8","0","0%","2.6"
"baby specialist clinic","5","0","0%","8.2"
"kids clinic hospital","1","0","0%","11"
"tampines kids clinic","10","0","0%","32.4"
"doctor for children","7","0","0%","8.3"
"clinic compassvale","18","0","0%","8.3"
"children clinic yishun","2","0","0%","58"
"pediatric care center","2","0","0%","40"
"pedia walk in clinic near me","1","0","0%","6"
"belindas clinic for children","3","0","0%","39.3"
"children walk","2","0","0%","4"
"pd doctor near me","37","0","0%","11"
"clinic near me open now","11","0","0%","18.3"
"peds clinic","20","0","0%","8.4"
"pediatrician on sunday","19","0","0%","8.8"
"pediatrician after hours","1","0","0%","15"
"baby clinic singapore 24 hours","229","0","0%","18.1"
"baby clinic","1,029","0","0%","19.4"
"baby doctor pediatrician","22","0","0%","7.1"
"kids clinic compassone","13","0","0%","10.8"
"pedia clinic near me open","2","0","0%","10.5"
"pediatric specialist near me","4","0","0%","14.5"
"children clinics near me","12","0","0%","7.6"
"paeditrician","11","0","0%","28.8"
"bedok family clinic","12","0","0%","52.2"
"clinic for childrens near me","8","0","0%","9"
"gardens clinic","6","0","0%","68.7"
"chong family clinic","23","0","0%","93.9"
"child guidance clinic singapore","26","0","0%","88.7"
"paediatric clinic meaning","3","0","0%","6.7"
"paediatric clinic yishun","4","0","0%","46"
"kids vaccines near me","1","0","0%","18"
"kids clinic jurong east","6","0","0%","1"
"儿科near me","7","0","0%","2.3"
"clinic bedok reservoir","5","0","0%","48.4"
"nearest pediatric clinic near me","8","0","0%","10.1"
"best paediatrician in the east","33","0","0%","11.8"
"local guide program","28","0","0%","1"
"pediatrician clinic","57","0","0%","7.1"
"walk in vaccination centre near me","1","0","0%","4"
"polyclinic singapore near me","2","0","0%","22.5"
"dr vanessa","5","0","0%","2.8"
"cheery child clinic photos","12","0","0%","12.9"
"kids family clinic","3","0","0%","5"
"kkh clinic m contact number","4","0","0%","22.3"
"dr kang pediatrician","1","0","0%","9"
"doctor near me child specialist","1","0","0%","10"
"pediatrician on sunday near me","7","0","0%","7.4"
"clinic at compassvale","14","0","0%","8.2"
"clinic compass one","90","0","0%","14"
"child specialist skin doctor near me","2","0","0%","6.5"
"clinic teck whye","2","0","0%","49.5"
"pediatric gp near me","13","0","0%","8.9"
"doctor choa chu kang","1","0","0%","18"
"childrens medical clinic","1","0","0%","5"
"compass one pediatrician","15","0","0%","9.7"
"kids clinic tpy","10","0","0%","32.2"
"pediatrician near me open saturday","3","0","0%","8.7"
"developmental assessment singapore","5","0","0%","82.2"
"nearest pediatric clinic","6","0","0%","10.2"
"raffles childrens centre tampines","8","0","0%","48.1"
"hfmd","7","0","0%","1.1"
"walk in vaccination singapore","2","0","0%","89"
"24 hours pediatrician","1","0","0%","22"
"novena children clinic","36","0","0%","68.9"
"kids clinics near me","21","0","0%","11.4"
"kids dr","15","0","0%","9.7"
"kid clinic singapore","11","0","0%","4.8"
"pediatric ent clinic","2","0","0%","78.5"
"bukit panjang pediatrician","5","0","0%","27.4"
"tampines pd clinic","5","0","0%","30.4"
"clinic children","9","0","0%","10.1"
"paediatric clinic near me open now","30","0","0%","8.3"
"pediatrician clinic near me open now","7","0","0%","8.6"
"best pediatric urgent care near me","2","0","0%","54"
"compass clinic","17","0","0%","8.8"
"paediatrician near me open now","6","0","0%","11.5"
"child vaccination near me","6","0","0%","2.3"
"eczema specialist near me","2","0","0%","8"
"dr anita kids clinic","2","0","0%","29.5"
"paediatric","408","0","0%","36.4"
"nearby baby clinic","20","0","0%","10.2"
"dr lim woan huah review","5","0","0%","3.2"
"tay clinic bedok","10","0","0%","69"
"dr tay hou ngee agnes","11","0","0%","82.2"
"children’s","6","0","0%","40.2"
"jurong clinic","23","0","0%","65.7"
"bukit batok child clinic","60","0","0%","14.1"
"dr. for kids","1","0","0%","13"
"kids clinic @ sengkang reviews","261","0","0%","10.7"
"best pediatrician in singapore","32","0","0%","27.8"
"pediatrician bukit panjang","41","0","0%","20.3"
"24 hr clinic bedok","1","0","0%","51"
"jurong east clinic","94","0","0%","38.7"
"compass one clinic","39","0","0%","8.9"
"tampines pediatrician","37","0","0%","34.7"
"greenlink clinic","1","0","0%","34"
"24 hour clinic compass one","2","0","0%","36.5"
"joy clinic bedok","6","0","0%","53.7"
"pd doctor","60","0","0%","14.9"
"child pediatrician near me","35","0","0%","6.8"
"dr lim pediatrician","7","0","0%","10.7"
"rhinitis","1","0","0%","1"
"hand food mouth disease","3","0","0%","6"
"after hours clinic for kids","1","0","0%","8"
"anne baby and child clinic","8","0","0%","35.3"
"sengkang babies","2","0","0%","6"
"pediatrician polyclinic singapore","5","0","0%","3.4"
"kinder","18","0","0%","4.9"
"international child & adolescent clinic","1","0","0%","89"
"baby physician","13","0","0%","72.4"
"pediatric hospital near me","4","0","0%","15.5"
"best rated pediatrician near me","2","0","0%","48"
"klinik near me","5","0","0%","40"
"pediatricians clinic","1","0","0%","9"
"kids medical clinic near me","5","0","0%","7.2"
"gastric medicine for kids","1","0","0%","10"
"pediatric dr","14","0","0%","21.5"
"klinik pakar kanak kanak","4","0","0%","6.5"
"near me child specialist doctor","1","0","0%","12"
"influenza vaccination for children","2","0","0%","12"
"pediatricians open today","1","0","0%","12"
"child clinic near me 24 hours","4","0","0%","15.8"
"children doctor specialist","1","0","0%","1"
"skin clinic for kids","1","0","0%","9"
"sbcc baby & child clinic ang mo kio","2","0","0%","48.5"
"kinderkid","1","0","0%","1"
"development pediatrician near me","1","0","0%","19"
"pediatrician on call near me","2","0","0%","24"
"local pediatrician","1","0","0%","92"
"riley pediatric care center","1","0","0%","81"
"nearest pd","1","0","0%","4"
"dr for children","3","0","0%","12.7"
"child immunization clinic","1","0","0%","13"
"raffles childrens centre","8","0","0%","75.5"
"pedia doctor","7","0","0%","15.4"
"influenza medicine for kids","1","0","0%","3"
"childrens er near me","1","0","0%","51"
"childrens clinic open now","4","0","0%","10.3"
"paediatrician singapore sunday","19","0","0%","10.8"
"vaccine for children","1","0","0%","12"
"pediatrician gp near me","5","0","0%","21.2"
"clinic punggol","5","0","0%","75.2"
"24 hours pediatric clinic near me","6","0","0%","26.5"
"junior clinic marine parade","1","0","0%","69"
"clinic baby near me","26","0","0%","9.9"
"clinic nearby within 800m","1","0","0%","13"
"open pedia clinic near me","4","0","0%","10.5"
"gp for baby","1","0","0%","1"
"developmental pediatrician","5","0","0%","6"
"pediatrician near.me","3","0","0%","6.3"
"the kids clinic pte ltd","13","0","0%","15.1"
"pediatrician free consultation","1","0","0%","2"
"walk in clinic in","4","0","0%","84.5"
"clinic open on public holiday near me","1","0","0%","8"
"childrenclinic","1","0","0%","5"
"child immunization","4","0","0%","8"
"general paediatric clinic","13","0","0%","59.6"
"childrens elkhorn","1","0","0%","35"
"the cheery child clinic @ hougang","1","0","0%","1"
"pediatritions near me","1","0","0%","11"
"linck clinck","1","0","0%","7"
"the science clinic","1","0","0%","98"
"pd in","6","0","0%","7.8"
"pediatrian near me","6","0","0%","9.3"
"dorothys baby & child clinic","3","0","0%","44.7"
"nuh childrens clinic","18","0","0%","65.7"
"kkh clinic","1","0","0%","72"
"dr dawn lim","31","0","0%","84.5"
"childrens gp near me","1","0","0%","10"
"child neurologist singapore","4","0","0%","81.5"
"baby clinic jurong","4","0","0%","3.3"
"竹 脚 妇幼 医院","2","0","0%","42.5"
"med cure link","1","0","0%","9"
"dr kline","1","0","0%","2"
"pediatrician.near me","4","0","0%","5.8"
"wong may ling","1","0","0%","55"
"north pediatric clinic","1","0","0%","5"
"pd nearby","17","0","0%","7"
"children urgent care centre","1","0","0%","68"
"kkh clinic t","1","0","0%","68"
"baby clinic woodlands","6","0","0%","66.2"
"kids vaccination","2","0","0%","6.5"
"children.hospital near me","1","0","0%","4"
"paeds engage clinic list","23","0","0%","5.3"
"clinic open today","1","0","0%","10"
"pedia care clinic","2","0","0%","65"
"specialist for kids","2","0","0%","8"
"children emergency near me","1","0","0%","75"
"doctor clinic near me","2","0","0%","20"
"小儿科","8","0","0%","3.9"
"hand foot mouth disease","8","0","0%","4.9"
"family clinic cck","1","0","0%","79"
"kids dental near me","2","0","0%","13"
"kids gastritis medicine","1","0","0%","9"
"baby dentist","1","0","0%","1"
"doctors pediatrician near me","2","0","0%","16.5"
"the cherry clinic","5","0","0%","91.2"
"are pediatricians open on saturdays","1","0","0%","6"
"children specialist near me open now","1","0","0%","12"
"polyclinic closing time","1","0","0%","10"
"vaccination centre for kids near me","1","0","0%","58"
"sunny kids clinic","1","0","0%","19"
"island family clinic bedok","8","0","0%","71.3"
"pediatrician near me open now within 1.6 km","1","0","0%","4"
"326 avenue 3 clinic","3","0","0%","57.7"
"pediatrics near me open now","2","0","0%","10"
"infant pediatrician near me","5","0","0%","26.6"
"mandapat childrens clinic","1","0","0%","36"
"weekend pediatrician near me","5","0","0%","9.2"
"bedok south clinic","5","0","0%","78.2"
"buangkok clinic","2","0","0%","50.5"
"clinic child near me","1","0","0%","7"
"clinic kids","52","0","0%","7.8"
"doctors near me for kids","2","0","0%","7"
"healthlight family medicine clinic","10","0","0%","64.4"
"urgent care near me pediatric","1","0","0%","37"
"general pediatrics","1","0","0%","2"
"island family clinic sengkang","3","0","0%","71.3"
"private pediatric clinic near me","1","0","0%","32"
"kids clinic punggol opening hours","2","0","0%","11"
"after hour pediatric clinic","2","0","0%","50.5"
"buangkok mrt clinic","2","0","0%","63"
"doctor for babies near me","2","0","0%","15.5"
"pediatrition near me","3","0","0%","9.3"
"doctor of kids","1","0","0%","2"
"children center","1","0","0%","37"
"paediatric singapore","164","0","0%","34.4"
"paed","11","0","0%","19.6"
"kids clinic @ tampines by smg","3","0","0%","24.3"
"kinder clinic mount alvernia","12","0","0%","71.2"
"pediatric children","1","0","0%","14"
"24 hour pediatrician singapore","1","0","0%","34"
"家庭诊所","2","0","0%","39"
"north east pediatrician","3","0","0%","7"
"paediatrix","1","0","0%","1"
"doctor near me within 400m","1","0","0%","8"
"childrens clinic hours","1","0","0%","11"
"padetrician near me","9","0","0%","8.1"
"paediatrician open on sunday singapore","4","0","0%","13.5"
"infant hospital near me","1","0","0%","3"
"kidz care klinic","1","0","0%","36"
"infant sick","1","0","0%","3"
"childrens pediatric clinic near me","2","0","0%","12.5"
"compass one kid clinic","2","0","0%","8.5"
"block 136","1","0","0%","70"
"pediatric ophthalmologist singapore","4","0","0%","88.3"
"pediatrician hougang","34","0","0%","11.6"
"childrens clinics near me","6","0","0%","7.8"
"dermatologist singapore bedok","2","0","0%","73.5"
"ang ai tin","14","0","0%","51.6"
"hougang kids clinic","3","0","0%","10.7"
"kid doctor paediatricians","6","0","0%","52.3"
"which clinic is open now","1","0","0%","19"
"clinic","42","0","0%","46.9"
"pediac","4","0","0%","2"
"thai shen clinic opening hours","2","0","0%","36"
"baby and child medical group","19","0","0%","31.5"
"pediatric clinic around me","2","0","0%","5"
"pediatrician near me within 800m","6","0","0%","4.5"
"punggol kids clinic","30","0","0%","19"
"nearby pediatricians","2","0","0%","10.5"
"pediatrician weekend","1","0","0%","12"
"the kids clinic pte ltd, paediatrician","85","0","0%","15.7"
"nearest baby clinic","13","0","0%","6.6"
"walk in clinic singapore","10","0","0%","74"
"kinder clinic reviews","1","0","0%","48"
"pediatric behavioral specialist near me","1","0","0%","47"
"baby doctors near me","1","0","0%","14"
"pediatric urgent care centre","3","0","0%","61.7"
"night pediatric clinic near me","1","0","0%","1"
"24 hrs clinic choa chu kang","1","0","0%","47"
"kind to kind singapore","1","0","0%","5"
"kidlink school","1","0","0%","1"
"pedatric","1","0","0%","2"
"pedestric","1","0","0%","2"
"school health assessment","1","0","0%","9"
"yishun pediatric clinic","1","0","0%","69"
"kids clinic oasis terrace","3","0","0%","31.3"
"paediatrics doctor","2","0","0%","54.5"
"paediatricians in","1","0","0%","62"
"paediatrician consultation fee","1","0","0%","13"
"where can i find a pediatric clinic that offers regular health check-ups and vaccinations for my child?","1","0","0%","14"
"asthma doctor near me","1","0","0%","13"
"nearest baby clinic to me","1","0","0%","11"
"dev pediatrician near me","3","0","0%","10"
"klinik link","1","0","0%","5"
"doctor pediatric near me","1","0","0%","8"
"polyclinic locations","1","0","0%","41"
"pediatric clinic 24 hours near me","1","0","0%","21"
"my kid clinic","1","0","0%","3"
"cck cardiology","1","0","0%","5"
"hebron pediatrics","1","0","0%","48"
"chickenpox vaccines","1","0","0%","13"
"gp with paediatric special interest","2","0","0%","5"
"infant care choa chu kang","1","0","0%","64"
"clinic at buangkok","1","0","0%","27"
"dr paediatricians","4","0","0%","83"
"baby steps clinic","1","0","0%","45"
"urgent care paediatric clinic","1","0","0%","50"
"kid medical","1","0","0%","9"
"child mild","1","0","0%","8"
"pediatric primary care near me","3","0","0%","41.7"
"childrenxxx","1","0","0%","2"
"best pediatric hospital in singapore","2","0","0%","61.5"
"ambulatory pediatrics","1","0","0%","7"
"doctors paediatricians near me","6","0","0%","20.3"
"baby dr","1","0","0%","7"
"newborn pediatrician near me","1","0","0%","17"
"kids allergy","1","0","0%","13"
"pd baby","1","0","0%","2"
"paedatrics","1","0","0%","4"
"near by clinic","1","0","0%","33"
"gp for baby near me","2","0","0%","7.5"
"child clinic tampines","11","0","0%","30"
"childrens urgent care clinic","3","0","0%","2.7"
"blk 18 bedok south clinic","4","0","0%","74.8"
"pediatrician near by me","11","0","0%","8.5"
"the kids clinic compass one","132","0","0%","11.8"
"kidslink kids","12","0","0%","6.9"
"คลินิกเด็กใกล้ฉัน","1","0","0%","22"
"dr cheang hon kit","2","0","0%","17"
"pedriatic near me","1","0","0%","9"
"bedok reservoir road clinic","3","0","0%","47.7"
"kids doctor clinic","1","0","0%","6"
"paediatician","2","0","0%","50"
"mother and child clinic","1","0","0%","1"
"fernvale family clinic","1","0","0%","84"
"padiatrician near me","4","0","0%","9.5"
"periatrician near me","1","0","0%","8"
"pediatricians doctor near me","3","0","0%","15.3"
"pedia","1","0","0%","4"
"pediatric medical","1","0","0%","67"
"pediatrician clinics","1","0","0%","10"
"paediatic","1","0","0%","3"
"clinics in bedok","3","0","0%","47.3"
"choa chu kang","1","0","0%","1"
"best baby doctor near me","1","0","0%","19"
"kids dental clinic near me","6","0","0%","6.5"
"mother and child clinic near me","1","0","0%","12"
"wyomissing childrens clinic","1","0","0%","18"
"childrens medical group","1","0","0%","45"
"klinik kanak2 near me","1","0","0%","7"
"doctors for baby","2","0","0%","47"
"bedok clinics","2","0","0%","30.5"
"pediatrician near me sunday open","2","0","0%","10"
"paedritician","1","0","0%","2"
"pedia clinic near me open sunday","2","0","0%","8.5"
"choa clinic","5","0","0%","8.4"
"night pediatrician near me","1","0","0%","4"
"pediatric near by","1","0","0%","8"
"hospital kids","1","0","0%","1"
"paediatrician means","1","0","0%","2"
"olive tree clinic sengkang","3","0","0%","51"
"compassvale clinic","164","0","0%","11.8"
"best pediatric clinic near me","2","0","0%","27.5"
"wellkids","1","0","0%","3"
"paediatric hospitals","2","0","0%","60"
"paragon kinder clinic","1","0","0%","71"
"paedeatrician near me","4","0","0%","9.8"
"paediatric dentist singapore","1","0","0%","16"
"kid hospital near me","1","0","0%","5"
"pandan valley clinic","1","0","0%","71"
"chickenpox vaccine","1","0","0%","3"
"baby hospital near me","1","0","0%","8"
"paediatrician available near me","2","0","0%","9"
"kidsheart medical center","1","0","0%","46"
"kidsline","1","0","0%","5"
"babys doctor near me","1","0","0%","1"
"chicken pox medicine","1","0","0%","4"
"pediatric centers near me","1","0","0%","4"
"bedok medical clinic","1","0","0%","75"
"gp clinic near me","1","0","0%","19"
"chilrens clinic","1","0","0%","11"
"clinic near bedok mall","1","0","0%","62"
"childrens?","1","0","0%","2"
"eczema doctor for kids","1","0","0%","7"
"kids way clinic","1","0","0%","12"
"dental kids","1","0","0%","10"
"dr it bedok","1","0","0%","27"
"private paediatric near me","2","0","0%","1"
"pediatrics north","1","0","0%","7"
"paddington clinic bedok","1","0","0%","37"
"kids surgery","1","0","0%","7"
"babies and childrens clinic","3","0","0%","11"
"kids cardiologist near me","1","0","0%","7"
"pediatrician mear me","2","0","0%","10"
"pediatrician doctor","29","0","0%","38.5"
"pediatrics doctors","2","0","0%","51.5"
"tengah medical centre","2","0","0%","81"
"pediatri near me","1","0","0%","7"
"pediatri","1","0","0%","2"
"doctor punggol","1","0","0%","100"
"pediatriv","1","0","0%","96"
"kids klinic reviews","2","0","0%","9"
"punggol clinics","1","0","0%","68"
"paediatric doctor near me","3","0","0%","3.3"
"peditric near me","1","0","0%","12"
"paediatrician available on sunday","1","0","0%","64"
"cck family clinic","76","0","0%","78.1"
"clinic near me for kids","46","0","0%","6.5"
"compass one clinic opening hours","2","0","0%","18.5"
"hand foot mouth symptom","1","0","0%","8"
"childrens care center","1","0","0%","86"
"sbcc baby & child clinic (tiong bahru)","2","0","0%","45.5"
"pedia doctor near me open now","1","0","0%","11"
"paedtrition","1","0","0%","2"
"pedeatrics near me","1","0","0%","7"
"clinic sg","3","0","0%","34"
"good pediatric doctor near me","2","0","0%","18"
"childrens paediatrician near me","2","0","0%","2"
"kkh walk in clinic","1","0","0%","37"
"pediatrician specialist near me","2","0","0%","19"
"child and care clinic","1","0","0%","2"
"public health immunization clinic near me","1","0","0%","7"
"vaccinations","1","0","0%","6"
"pediatric","308","0","0%","14.2"
"dr ang ai tin","18","0","0%","85.8"
"pd open now","20","0","0%","11"
"clinic sengkang","71","0","0%","33.6"
"bedok 24h clinic","3","0","0%","58"
"ibcc clinic","1","0","0%","12"
"punggol paediatrician","8","0","0%","20"
"pediatrician near me within 1.6 km","8","0","0%","6.5"
"clinic in bedok north","2","0","0%","44"
"childrens n","2","0","0%","6"
"raffles kids clinic","8","0","0%","40.1"
"children pediatric clinic","1","0","0%","19"
"peditricans near me","1","0","0%","10"
"best developmental pediatrician near me","15","0","0%","79.6"
"pediatrician clinic in singapore","10","0","0%","14.6"
"pediatrician home visit","1","0","0%","4"
"paediatrician near me within 8.1 km","2","0","0%","32.5"
"oasis clinic bedok","2","0","0%","52"
"foot link","2","0","0%","2"
"nuh kids clinic","6","0","0%","64.7"
"great paediatricians near me","1","0","0%","26"
"doctor near me","16","0","0%","22.9"
"paediatrics north","1","0","0%","10"
"paediatric doctors near me","2","0","0%","16.5"
"pedeatric clinic","1","0","0%","1"
"adolescent clinic","1","0","0%","5"
"walk in children clinic near me","1","0","0%","11"
"find pediatrician","2","0","0%","8"
"near kids clinic","4","0","0%","7.3"
"kids clinic @ toa payoh","1","0","0%","32"
"pediatrician number","1","0","0%","1"
"baby care clinic","2","0","0%","1.5"
"paediatric health screening singapore","22","0","0%","69"
"child guidance clinic","1","0","0%","88"
"terabox kids link","1","0","0%","5"
"developmental pediatrician singapore","90","0","0%","48.7"
"st lim child specialist","50","0","0%","10.9"
"infant clinic singapore","18","0","0%","15.4"
"clinic near me yishun","1","0","0%","30"
"baby and child clinic bukit batok","52","0","0%","21.9"
"pediatric medical center","2","0","0%","15.5"
"baby vaccination","3","0","0%","9"
"childres clinic","1","0","0%","11"
"kids clinic, singapore, singapore, singapore","20","0","0%","12.3"
"pediatrician sunday","12","0","0%","8.3"
"best children clinic near me","6","0","0%","9.7"
"kids specialist","25","0","0%","7.2"
"pediatrician clinic open on sunday","25","0","0%","10.2"
"lin and sons clinic","1","0","0%","47"
"cheap doctor near me","1","0","0%","27"
"kid clinic bishan","3","0","0%","40.7"
"kids clini","10","0","0%","4.6"
"singapore baby and child clinic","270","0","0%","23.1"
"babies & childrens clinic","4","0","0%","6.8"
"dr choo kang","1","0","0%","4"
"childrems clinic","1","0","0%","10"
"baby clinic yishun","32","0","0%","70.1"
"the kids clinic pte ltd, pediatrician","21","0","0%","15.8"
"pediatrician punggol","104","0","0%","16.1"
"dr. vanessa tan","12","0","0%","7.8"
"kinder clinic near me","32","0","0%","8.6"
"dr vellayappan","45","0","0%","54"
"clinic near choa chu kang mrt","4","0","0%","27"
"children’s podiatrist singapore","23","0","0%","87.7"
"pediatric children clinic","1","0","0%","1"
"childrens doctors near me","2","0","0%","5.5"
"paediatricians on call near me","4","0","0%","27"
"pediatric clinic west","7","0","0%","6.4"
"pead clinic","7","0","0%","9.4"
"international child & adolescent clinic singapore","2","0","0%","74"
"pediatric clinic in singapore","241","0","0%","16.8"
"best pediatric doctor near me","2","0","0%","48"
"jurong east clinics","4","0","0%","33.8"
"clinic near choa chu kang","12","0","0%","36.4"
"clinic near yew tee mrt","1","0","0%","55"
"public paediatrician near me","2","0","0%","9"
"doctor that specializes in children","1","0","0%","2"
"kids clinic yishun","12","0","0%","56.8"
"pedatri","1","0","0%","7"
"clinics for children near me","6","0","0%","7"
"klinik kanak kanak","3","0","0%","7.7"
"kidshealth paediatric clinic, paediatrician, singapore","28","0","0%","17.9"
"24 hour paediatric clinic","2","0","0%","18"
"childrens clinic of wyomissing","2","0","0%","31.5"
"kids dental","7","0","0%","15.9"
"附近儿科诊所","7","0","0%","9.7"
"dr lim kwang hsien","93","0","0%","43.7"
"k-link","3","0","0%","4.7"
"baby specialist clinic near me","5","0","0%","6"
"pediatrician for kids","3","0","0%","19.3"
"baby bear clinic","7","0","0%","23.4"
"vaccination singapore","2","0","0%","5.5"
"children consultant","1","0","0%","14"
"singapore kids vaccination schedule","1","0","0%","3"
"east pediatrics","1","0","0%","9"
"children clinic tampines","28","0","0%","21.8"
"klinik sengkang","1","0","0%","18"
"near baby hospital","3","0","0%","11.3"
"the cheery child clinic","12","0","0%","32.6"
"kids health pediatric clinic, singapore, singapore, singapore","5","0","0%","16.6"
"pd for children","2","0","0%","7"
"childrens clinic east","16","0","0%","12.1"
"childrens clonic","2","0","0%","9"
"child.doctor near me","1","0","0%","7"
"paediatric clinics near me","7","0","0%","4.4"
"doctor for infants near me","1","0","0%","3"
"pediatrist","177","0","0%","7.1"
"child and baby clinic","9","0","0%","10.3"
"jo lin clinic","5","0","0%","77"
"clinics near me for kids","1","0","0%","1"
"bedok point baby clinic","304","0","0%","2.9"
"children emergency clinic","1","0","0%","47"
"peadatrician near me","1","0","0%","12"
"pediatric dentist singapore","3","0","0%","40.7"
"kids clinic open sunday","7","0","0%","9.6"
"child clinic nearby","7","0","0%","10.6"
"peadiatric near me","13","0","0%","8.7"
"childcare clinic","8","0","0%","6.3"
"baby circumcision clinic near me","1","0","0%","9"
"punggol pd","8","0","0%","18.1"
"clinic around me","4","0","0%","17"
"paediatricians open on sunday near me","5","0","0%","13.6"
"儿科诊所","35","0","0%","10.8"
"link clini","1","0","0%","9"
"best childrens clinic near me","5","0","0%","17.6"
"kidz clinic compass one","6","0","0%","12.7"
"kid health pediatric clinic","40","0","0%","11.5"
"pediatrician open on sunday near me","32","0","0%","8"
"kids clinic sengkang grand","18","0","0%","14.1"
"paediatricians","364","0","0%","54.9"
"child hospital near me","8","0","0%","8.4"
"family clinic sunshine place","10","0","0%","42.8"
"good pediatrician near me","11","0","0%","25.8"
"baby doctor clinic near me","5","0","0%","9.2"
"abc childrens clinic","1","0","0%","89"
"childrend clinic","1","0","0%","9"
"walk in pediatric near me","2","0","0%","7"
"north pediatrician","1","0","0%","8"
"paediatric clinic sembawang","2","0","0%","37.5"
"kids specialist hospital","2","0","0%","3"
"24 hours kids clinic","4","0","0%","15.5"
"pd dr","1","0","0%","15"
"jurong west clinic street 91","2","0","0%","44.5"
"kids link jurong","11","0","0%","1"
"dr mas suhaila","1","0","0%","57"
"parkway east kinder clinic","1","0","0%","39"
"pediatrician 24 hours","2","0","0%","11.5"
"baby clinics","4","0","0%","20.8"
"dr yvonnes clinic for children & babies pte. ltd.","6","0","0%","1"
"kids assessment near me","1","0","0%","15"
"pediatricians open on sunday","11","0","0%","7.4"
"bukit panjang paediatrician","10","0","0%","47.8"
"clinic pediatrics near me","4","0","0%","11.3"
"choa chu kang clinic near me","14","0","0%","29.4"
"junior clinic","1","0","0%","13"
"medical clinic pediatrics","1","0","0%","4"
"pediatrics east","4","0","0%","15.5"
"pediatricia","3","0","0%","1.7"
"sunday pediatrician","11","0","0%","13"
"link kid","3","0","0%","3"
"kids walk in clinic near me","2","0","0%","10"
"klinik kids","1","0","0%","6"
"best pediatrician","4","0","0%","62"
"paediatric respiratory specialist","1","0","0%","5"
"children clinic near by me","2","0","0%","1"
"pedia clinic near me open now","15","0","0%","9.1"
"paediatrix childrens clinic","1","0","0%","10"
"baby paediatrician","5","0","0%","16.2"
"anne baby clinic","5","0","0%","48"
"kidshealth paediatric clinic, pediatrician, singapore","4","0","0%","21.3"
"kida clinic","1","0","0%","11"
"paediatric medicine","4","0","0%","6.5"
"kids urgent care near me","4","0","0%","29.5"
"kids clinic @ toa payoh by smg","1","0","0%","20"
"childrens dental clinic","1","0","0%","96"
"pediatrician in near me","6","0","0%","15.3"
"children dr","8","0","0%","8.8"
"dr children","1","0","0%","1"
"women and child clinic near me","1","0","0%","12"
"pediatric gastroenterology near me","1","0","0%","79"
"near me childrens clinic","1","0","0%","8"
"life-link clinic & surgery","1","0","0%","94"
"baby and kids clinic","3","0","0%","18.7"
"dr terence tan","4","0","0%","89"
"padetrician","2","0","0%","2.5"
"thomson childrens clinic","3","0","0%","49.3"
"24/7 paediatrician near me","1","0","0%","10"
"nearest gp clinic","1","0","0%","29"
"singapore childrens hospital","2","0","0%","52.5"
"fernvale lane clinic","1","0","0%","81"
"pediatrucian near me","1","0","0%","12"
"child development unit","1","0","0%","90"
"pediatrician near my location","1","0","0%","73"
"cck clinic opening hours","1","0","0%","11"
"emergency baby doctor near me","1","0","0%","8"
"angelins baby and child clinic","4","0","0%","24.5"
"dr simon ng","6","0","0%","60.5"
"pd open","6","0","0%","9.3"
"private paediatrician near me","1","0","0%","1"
"bedok reservoir clinic","16","0","0%","42.9"
"recommended paediatrician near me","2","0","0%","4.5"
"baby specialist","5","0","0%","64.2"
"pediatritian near me","3","0","0%","10"
"best kids clinic near me","5","0","0%","2"
"兒科 near me","2","0","0%","8"
"tan clinic near me","1","0","0%","9"
"chikdrens clinic","1","0","0%","7"
"bedok north st 3 clinic","93","0","0%","7.8"
"best clinic for children near me","1","0","0%","9"
"doctors pediatric near me","2","0","0%","9.5"
"baby clinic near woodlands","1","0","0%","40"
"pediatric kids","1","0","0%","8"
"pediatrician saturday","5","0","0%","7.2"
"woodland pediatrics","1","0","0%","94"
"camden pediatrics","3","0","0%","62"
"paediatric north","1","0","0%","11"
"nearest child clinic","9","0","0%","9"
"clinics near sengkang","2","0","0%","40"
"koe child clinic","2","0","0%","11"
"pediatics near me","1","0","0%","12"
"children med","1","0","0%","9"
"sterling family clinic bedok","4","0","0%","72.8"
"childrens health care","1","0","0%","83"
"clinic singapore near me","3","0","0%","34"
"嬰兒醫院","1","0","0%","22"
"pedoatric","1","0","0%","3"
"kid limping singapore","1","0","0%","1"
"polyclinic in singapore","1","0","0%","20"
"mobile pediatrician near me","1","0","0%","1"
"bedok north street 3 clinic","6","0","0%","41.5"
"kids emergency clinic","1","0","0%","9"
"what time polyclinic open","1","0","0%","27"
"folliculitis","4","0","0%","1"
"bukit batok clinic staff","4","0","0%","54.8"
"kidshealth yishun","2","0","0%","39"
"childrens health center","3","0","0%","59.7"
"sbcc baby & child clinic bukit panjang","3","0","0%","50"
"children clinc","2","0","0%","5.5"
"peadtrician near me","4","0","0%","9"
"clinic in punggol","1","0","0%","83"
"pediatric consultation","5","0","0%","7.4"
"baby gp near me","5","0","0%","9.2"
"pediatic","3","0","0%","2"
"pediatric doctor near me","34","0","0%","8"
"polyclinic opening time","1","0","0%","132"
"child pd","1","0","0%","9"
"dr wong may ling","1","0","0%","61"
"the children clinic","6","0","0%","5"
"pediatrician east","4","0","0%","6.8"
"pediatrics open near me","2","0","0%","13"
"winston clinic","6","0","0%","8"
"sinus children doctor singapore","3","0","0%","68"
"kids clinic mt alvernia","46","0","0%","46.3"
"i kidz childrens clinic","31","0","0%","13.1"
"baby clinic singapore","498","0","0%","12.8"
"bedok central clinic","1","0","0%","83"
"kid not pooping","1","0","0%","4"
"child clinics near me","1","0","0%","12"
"dyslexia specialist near me","2","0","0%","37"
"cheery child","1","0","0%","81"
"gp for babies near me","1","0","0%","13"
"public paediatricians near me","6","0","0%","11"
"kids health pediatric clinic","6","0","0%","16.8"
"st medical clinic bedok","4","0","0%","90.8"
"allergy tests near me","1","0","0%","1"
"clinic near me singapore","1","0","0%","33"
"pediatrician n","2","0","0%","8.5"
"pediatrician medicine","1","0","0%","35"
"bedok clinic open now","3","0","0%","57.7"
"khoo teck puat children","3","0","0%","61.3"
"paediatric dentist","2","0","0%","23.5"
"child care doctor near me","2","0","0%","9"
"pediatrician offices near me","2","0","0%","6"
"winstedt clinic singapore","2","0","0%","93"
"dr ng pediatrician","1","0","0%","18"
"dr pradeep paediatrician","1","0","0%","7"
"pd at","1","0","0%","8"
"妇科near me","1","0","0%","19"
"paediatrian","1","0","0%","1"
"pediatric emergency room near me","1","0","0%","45"
"gastroenterologist kids near me","1","0","0%","8"
"tampines children clinic","1","0","0%","25"
"chicken pox vaccine near me","1","0","0%","8"
"pediatrician newr me","5","0","0%","10.4"
"singapore children specialist center","62","0","0%","10.9"
"klinik 02","1","0","0%","10"
"paediatrics services","2","0","0%","45.5"
"baby doctors","1","0","0%","48"
"pediatric gastroenterologist singapore","1","0","0%","39"
"pediatricican","1","0","0%","1"
"childern clinic","2","0","0%","11"
"child dental","1","0","0%","30"
"singapore audiologists for kids","4","0","0%","99.7"
"male pediatricians near me","1","0","0%","11"
"24 7 paediatricians near me","4","0","0%","15.5"
"baby chicken pox vaccine","1","0","0%","4"
"clinic near me open today","2","0","0%","25"
"clinic near punggol","1","0","0%","81"
"pediatrics office","1","0","0%","1"
"clinics open today","1","0","0%","29"
"cook pediatrics","1","0","0%","1"
"children urgent care near me","5","0","0%","43.4"
"child care hospital near me","2","0","0%","4.5"
"kids clinik","1","0","0%","8"
"pediatricin near me","1","0","0%","11"
"pd children","2","0","0%","4"
"dr for kids near me","1","0","0%","11"
"healthlink medical clinic & surgery","4","0","0%","59"
"kidds","1","0","0%","2"
"bok family clinic pte ltd","1","0","0%","78"
"kid pediatrics near me","4","0","0%","2.8"
"childrens care clinic","1","0","0%","11"
"thomson paediatric","1","0","0%","10"
"pediatre near me","2","0","0%","6"
"the clinic at tai seng","2","0","0%","76.5"
"paeds west","1","0","0%","11"
"paedetric","1","0","0%","2"
"24 hour paediatrician","22","0","0%","35"
"family and pediatric clinic","1","0","0%","89"
"girl doctor near me","1","0","0%","27"
"growing pain in children","1","0","0%","3"
"pediatricians open on saturday","1","0","0%","5"
"dr devi krishnakumar","2","0","0%","2"
"raffles children centre","2","0","0%","90"
"ahana childrens clinic","1","0","0%","9"
"pediatric clinics near me","6","0","0%","4.5"
"cold sore treatment for kids","1","0","0%","15"
"paeds doctor","2","0","0%","3"
"24 hour pediatric care near me","2","0","0%","34.5"
"cheap clinic near me","1","0","0%","30"
"general paediatrician","1","0","0%","2"
"pediatric dentist polyclinic","1","0","0%","6"
"pediatriction near me","1","0","0%","11"
"pedestrian doctor near me","2","0","0%","7"
"gastroenterologist for kids near me","1","0","0%","8"
"dr misa noda","1","0","0%","32"
"pedatrition","1","0","0%","2"
"children specialist doctor","1","0","0%","26"
"specialist pediatric","1","0","0%","7"
"raffles junior clinic","1","0","0%","14"
"pediatric bear me","1","0","0%","11"
"pediatrician open today near me","3","0","0%","11.3"
"respiratory pediatrician near me","1","0","0%","11"
"childrens medical center","2","0","0%","19"
"clinic near me pregnancy","1","0","0%","37"
"kang juryong","1","0","0%","9"
"healthcare pediatrics","1","0","0%","1"
"pediatric medical group","1","0","0%","39"
"bedok 24 hours clinic","1","0","0%","61"
"clinic near me within 1.6 km","1","0","0%","1"
"childrens pediatrician","2","0","0%","7"
"pediatrician in","1","0","0%","38"
"kinder clinic novena","10","0","0%","71"
"pediatrician?","1","0","0%","2"
"near by child clinic","1","0","0%","4"
"附近儿科","1","0","0%","5"
"kidz pediatrics","1","0","0%","1"
"child health care center","1","0","0%","8"
"best paediatrician in singapore","1","0","0%","42"
"providence pediatric clinic","1","0","0%","47"
"baby vaccination clinic near me","1","0","0%","10"
"central pediatric clinic","1","0","0%","8"
"chicken pox vaccination","1","0","0%","4"
"toddler dentist near me","2","0","0%","6"
"consult pediatrician","1","0","0%","1"
"klinik kanak2","1","0","0%","7"
"lim child specialist","1","0","0%","6"
"childrens paediatrician","1","0","0%","21"
"pedistrician near me","1","0","0%","12"
"bishan paediatric clinic","3","0","0%","51"
"455 sengkang west avenue clinic","2","0","0%","62.5"
"lpe singapore","1","0","0%","1"
"doctor for kid","1","0","0%","9"
"available pediatricians near me","1","0","0%","38"
"paediatric cardiologist","1","0","0%","5"
"children mouth","1","0","0%","2"
"child ent clinic singapore","1","0","0%","87"
"one care clinic near me","1","0","0%","52"
"pinnacle yew tee","2","0","0%","44"
"my family clinic (rivervale mall)","1","0","0%","1"
"smg kids clinic","1","0","0%","5"
"kids medical specialists pte ltd","10","0","0%","32.7"
"24 hour pediatric clinic singapore","222","0","0%","22.2"
"kiddy clinic","11","0","0%","5.1"
"children doctor near me","181","0","0%","8.4"
"clinic in jurong","4","0","0%","65"
"newborn doctor","3","0","0%","38.7"
"clinic kid","3","0","0%","20.3"
"pediatric emergency care near me","1","0","0%","31"
"children pediatric","1","0","0%","7"
"24 hour clinic sengkang singapore","1","0","0%","69"
"baby clinic ang mo kio","3","0","0%","57.3"
"pediatrician kids near me","1","0","0%","10"
"pedatrics","1","0","0%","2"
"hougang pd","1","0","0%","13"
"pediatric clinical","2","0","0%","40.5"
"小儿科诊所near me","4","0","0%","6.5"
"pediatrician serangoon","1","0","0%","20"
"doctor singapore","1","0","0%","44"
"infant pediatrician","1","0","0%","1"
"pediatricians clinic near me","1","0","0%","7"
"after hour pediatric urgent care","1","0","0%","98"
"兒科","2","0","0%","4"
"specialist pediatrician near me","1","0","0%","11"
"pediatric clinic novena","1","0","0%","84"
"peds clinical","1","0","0%","4"
"doctor kid","1","0","0%","9"
"pedatrician","1","0","0%","1"
"sbcc baby and child clinic","6","0","0%","37.5"
"pediatric urgent near me","1","0","0%","31"
"children medical center","2","0","0%","18.5"
"paeds ot","1","0","0%","6"
"pediatric care clinic","1","0","0%","59"
"singapore","1","0","0%","3"
"lim hong huay","3","0","0%","53"
"vaccine neutral pediatrician near me","1","0","0%","6"
"kids clinic buangkok","235","0","0%","12.4"
"childrens doctors","1","0","0%","1"
"pediatrician ang mo kio","15","0","0%","41.3"
"kids clinic woodlands","11","0","0%","8.7"
"pediatric doctor","80","0","0%","26.2"
"kidslink childrens clinic cck","9","0","0%","1"
"kang an clinic pte ltd","31","0","0%","42.2"
"children hospital","26","0","0%","62"
"children dental clinic","2","0","0%","6"
"gp near me","3","0","0%","23"
"clinic for babies","7","0","0%","7"
"children’s clinic","11","0","0%","8.2"
"nearest pediatrician","47","0","0%","8.5"
"hmfd kids","2","0","0%","3.5"
"medical clinics","1","0","0%","1"
"dr for kids","3","0","0%","12"
"""childrens clinic""","2","0","0%","70.5"
"pediatric endocrinologist singapore","4","0","0%","84"
"developmental clinic","20","0","0%","90.3"
"anthony baby clinic","3","0","0%","47.3"
"pasir ris baby and child clinic","16","0","0%","47.6"
"best pediatric doctor","1","0","0%","54"
"skinkids","1","0","0%","3"
"clinic at choa chu kang","14","0","0%","31.5"
"child pediatrician","15","0","0%","4"
"pediatrician near","5","0","0%","11"
"the chong family clinic","16","0","0%","86.6"
"the cheery child clinic pte ltd, paediatrician, singapore","39","0","0%","18.9"
"children link","4","0","0%","2.8"
"kinder clinic parkway east","140","0","0%","49.3"
"新加坡妇科诊所价格","15","0","0%","23.3"
"kids pediatric near me","9","0","0%","10.4"
"pediatrician in singapore","56","0","0%","22.3"
"baby child clinic tampines","3","0","0%","43.7"
"paediatric endocrinologist singapore","4","0","0%","71"
"pediatric podiatrist near me","2","0","0%","102"
"kids health clinic","24","0","0%","39.6"
"sengkang clinic near me","23","0","0%","36.6"
"polyclinic","18","0","0%","34.6"
"kidscan","1","0","0%","3"
"新加坡妇科诊所推荐","1","0","0%","25"
"baby doctor near me within 1.6 km","1","0","0%","10"
"paediatric orthopaedic singapore","142","0","0%","82.1"
"any pediatrician near me","6","0","0%","11.7"
"pediatric walk in","2","0","0%","21.5"
"24 hour clinic in sengkang","17","0","0%","58.9"
"polyclinic paediatrician","5","0","0%","4.4"
"pediatric kid","1","0","0%","11"
"pediatric clinic open on sunday","33","0","0%","10"
"oediatric","1","0","0%","2"
"polyclinic near me","13","0","0%","22.6"
"kids clinic at bishan","7","0","0%","55.6"
"family clinic near me","4","0","0%","24.3"
"k link","1","0","0%","4"
"kidsnexus paediatric centre","10","0","0%","42.6"
"pediatric health","2","0","0%","2"
"central 24-hr clinic (choa chu kang / cck) - chas | gp clinic | 24 小时 诊所","1","0","0%","1"
"tampines paediatrician","29","0","0%","26.3"
"pediatry","70","0","0%","8.8"
"nearest pediatric urgent care","2","0","0%","58"
"pediatric clinic near me open now","15","0","0%","9.7"
"near pediatrician doctor","2","0","0%","18"
"pediatrician in bukit batok","16","0","0%","9.1"
"bedok north clinic","9","0","0%","44.1"
"child doctor singapore","32","0","0%","12.8"
"baby pd","8","0","0%","5.8"
"dokter anak terdekat","11","0","0%","11.5"
"dr heng parkway east","2","0","0%","35.5"
"the gynae link","15","0","0%","85.3"
"list of pediatricians","1","0","0%","7"
"sunshine pediatric clinic","1","0","0%","94"
"childrens hospital","12","0","0%","41.1"
"the childrens clinic","7","0","0%","29.7"
"paediatric clinic open on sunday","37","0","0%","21.9"
"kinder clinic pandan valley","11","0","0%","50.2"
"pediatrics night clinic","2","0","0%","18.5"
"tampines paediatric","23","0","0%","35.1"
"dr lilian lim","29","0","0%","38.1"
"clinic near jurong east street 24","1","0","0%","40"
"kidnic","1","0","0%","3"
"pediatric offices near me","2","0","0%","25.5"
"dr katrina heng","2","0","0%","33.5"
"pediatric clinic open on sunday near me","6","0","0%","10.8"
"pediatricaian","1","0","0%","2"
"pediatrician tampines street 81","3","0","0%","10.7"
"bpp healthcare","1","0","0%","14"
"kids health link","5","0","0%","75.8"
"pedia near me open now","3","0","0%","10.3"
"clinic for children","22","0","0%","5.7"
"temasek clinic and surgery","4","0","0%","63.8"
"pediatrician near me open sunday","17","0","0%","7.5"
"peatric","7","0","0%","5.6"
"mony kid clinic","20","0","0%","9.3"
"kidsclinic sengkang","219","0","0%","10.6"
"best paediatrician singapore","248","0","0%","40.6"
"klinik pakar kanak kanak near me","1","0","0%","1"
"children clinic open now","23","0","0%","7.1"
"the best pediatric doctor near me","1","0","0%","33"
"paediatrics clinic","13","0","0%","8.2"
"kids clinic at punggol","10","0","0%","20.9"
"policlinic","10","0","0%","25.9"
"choa chu kang 24 hour clinic","1","0","0%","64"
"儿科医院","1","0","0%","1"
"pedatric near me","1","0","0%","11"
"clinic in choa chu kang","19","0","0%","36.8"
"pediatric healthcare","2","0","0%","2"
"paediatric clinic near me within 1.6 km","3","0","0%","2.7"
"chicken pox vaccine for adults near me","4","0","0%","3"
"northlink clinic","11","0","0%","52.7"
"pediatrician charges","1","0","0%","22"
"near by pediatrician clinic","5","0","0%","10.4"
"bedok 24hrs clinic","2","0","0%","66.5"
"children walk in clinic near me","1","0","0%","6"
"raffles junior waterway point","6","0","0%","32.8"
"pediatric services","3","0","0%","54.7"
"pediatrics doctor","5","0","0%","9.8"
"dental kids clinic near me","1","0","0%","7"
"kindle clinic","12","0","0%","5.1"
"pedriatic","3","0","0%","1.7"
"sengkang east drive clinic","1","0","0%","28"
"pediatrician price","1","0","0%","5"
"pediatric clinic urgent care","1","0","0%","5"
"kids clinc","14","0","0%","5.9"
"pd. dr","1","0","0%","1"
"children pediatrician near me","51","0","0%","8.5"
"children clinic punggol","13","0","0%","9.8"
"pd doctors near me","1","0","0%","12"
"nuh childrens urgent care clinic @ bukit panjang","1","0","0%","45"
"kids doc near me","1","0","0%","9"
"kids night clinic","1","0","0%","4"
"pediatrician open saturday","12","0","0%","8.4"
"childrens clinic open today","1","0","0%","7"
"what age to see pediatrician","1","0","0%","9"
"child and adolescent clinic","3","0","0%","9.7"
"nuh paediatric clinic","3","0","0%","63.7"
"24 hour pediatric","1","0","0%","19"
"paedriatric","1","0","0%","4"
"pediatrician woodlands","6","0","0%","76.7"
"儿科诊所24小时","1","0","0%","61"
"chicken pox","2","0","0%","2.5"
"paediatric urgent care near me","2","0","0%","57"
"childrens health","4","0","0%","43.5"
"pediatrician near me within 8.1 km","2","0","0%","9.5"
"dr chua xiuzhen","18","0","0%","22.4"
"doctors for children","2","0","0%","54"
"pediatric hospital","4","0","0%","45.8"
"dr rajendran pediatrician","1","0","0%","47"
"kids vaccination singapore","3","0","0%","10"
"childcare clinic near me","3","0","0%","5.7"
"kid hospital","2","0","0%","9"
"imc childrens clinic","5","0","0%","62.2"
"pd in tampines","9","0","0%","31.6"
"female paediatrician near me","7","0","0%","4.6"
"child paediatrician","3","0","0%","7"
"childrens pediatricians","5","0","0%","7.4"
"clinic in chinese","4","0","0%","63.5"
"dr lim child specialist","1","0","0%","4"
"walk in clinic cheap near me","1","0","0%","10"
"children polyclinic","3","0","0%","4"
"baby specialist near me","2","0","0%","11"
"clinic near me children","6","0","0%","11"
"kids pediatric","8","0","0%","9.3"
"pediatrician. near me","8","0","0%","9"
"兒童診所","1","0","0%","15"
"clinic near tengah","1","0","0%","84"
"singapore paediatrician","24","0","0%","29.2"
"near by children clinic","3","0","0%","11.3"
"open paediatrics","1","0","0%","3"
"baby bonus clinic near me","10","0","0%","11.9"
"garden pediatrics","2","0","0%","8.5"
"ng heng joo","7","0","0%","26.3"
"kids skin clinic near me","1","0","0%","1"
"clinic open now","2","0","0%","16"
"urgent care for kids","5","0","0%","54.4"
"dr grace lim","7","0","0%","79"
"paediatric gp near me","5","0","0%","11"
"peadetrician near me","1","0","0%","11"
"kinder clinic pte ltd reviews","5","0","0%","26.8"
"choa chu kang family clinic","16","0","0%","57.9"
"peads","3","0","0%","2"
"pd sg","2","0","0%","19"
"good pediatrician","2","0","0%","58"
"clinic for kids open now","1","0","0%","11"
"pediatric weekend clinic","2","0","0%","13"
"international baby child & adolescent clinic @ parkway medicentre","1","0","0%","1"
"pediatrician baby doctor","1","0","0%","1"
"house call pediatrician near me","2","0","0%","44"
"toddler dr","2","0","0%","5"
"kids paediatric","8","0","0%","7.5"
"walk in vaccine singapore","142","0","0%","89.7"
"kkh childrens emergency","4","0","0%","73"
"pediatric night clinic near me","3","0","0%","13.7"
"child klinik","1","0","0%","33"
"paedatrician","4","0","0%","1.8"
"wee clinic bedok","1","0","0%","54"
"chinese pediatrician","4","0","0%","8.3"
"ang ai tin clinic","2","0","0%","64"
"saturday pediatrician near me","3","0","0%","8.7"
"child development assessment near me","4","0","0%","8.5"
"child pediatric","3","0","0%","1.7"
"poop medicine for kids","1","0","0%","15"
"kids care clinic","8","0","0%","7.6"
"pediatric east","1","0","0%","11"
"dr gong wei kin","9","0","0%","45.3"
"kids clinic @ bishan by smg","2","0","0%","26.5"
"top rated paediatrician near me","2","0","0%","17.5"
"buangkok kids clinic","31","0","0%","11.5"
"children dentist near me","6","0","0%","8.8"
"thomson paediatric centre fees","6","0","0%","5.8"
"kids gp near me","4","0","0%","8"
"pediotric","1","0","0%","1"
"polyclinic pediatrics","3","0","0%","7.7"
"pediatrician near me open on weekends","1","0","0%","2"
"pediatric office","4","0","0%","8.8"
"clinic near yew tee","3","0","0%","45.3"
"pediatricians","640","0","0%","24.6"
"lim & tan clinic","1","0","0%","2"
"children’s clinic in marina","1","0","0%","98"
"dr darryl lim","1","0","0%","51"
"bedok reservoir clinic opening hours","2","0","0%","36"
"filipino pediatrician near me","1","0","0%","1"
"kids doctors near me","2","0","0%","9.5"
"joy clinic bedok reservoir","2","0","0%","49.5"
"jurong medical centre child development unit","1","0","0%","76"
"dr lim teck chye","2","0","0%","48.5"
"public pediatrician","1","0","0%","10"
"pediatrician ner me","1","0","0%","1"
"dr link","4","0","0%","15.5"
"childrens run","1","0","0%","5"
"pediatricisn near me","1","0","0%","12"
"妇产科新加坡便宜","1","0","0%","20"
"vanessa tee","6","0","0%","10.2"
"sbcc baby & child clinic","66","0","0%","35.1"
"klinik ibu dan anak","1","0","0%","6"
"tc family clinic","2","0","0%","54"
"pedaetric","1","0","0%","2"
"east avenue pediatrics","1","0","0%","9"
"child vaccination clinic","1","0","0%","40"
"baby clinc","1","0","0%","11"
"happy kids children’s specialist clinic, taman molek","3","0","0%","8"
"小儿专科","1","0","0%","1"
"specialist for children","2","0","0%","22.5"
"link kids","1","0","0%","1"
"pediatric clinic open saturday","1","0","0%","25"
"open pediatric clinics near me","2","0","0%","11"
"lim yang chern","2","0","0%","59"
"pediatrican","2","0","0%","1.5"
"jurong east doctor","1","0","0%","39"
"near by kids hospital","1","0","0%","1"
"kids xray near me","2","0","0%","1"
"klinik ibu dan anak near me","4","0","0%","3.8"
"baby pediatrics near me","1","0","0%","11"
"kinder clinic photos","2","0","0%","59"
"health children","1","0","0%","2"
"paedtrician","1","0","0%","1"
"child doctor in english","2","0","0%","7"
"children hospital in singapore","1","0","0%","41"
"chua child specialist clinic","1","0","0%","51"
"clinic near jurong east street 21","3","0","0%","42.7"
"infants doctor","1","0","0%","1"
"pediatrician recommendation","1","0","0%","19"
"cindy hia clinic","1","0","0%","43"
"doctor nearby","1","0","0%","17"
"near by children doctor","1","0","0%","11"
"children pediatrician","4","0","0%","9.8"
"bedok skin clinic","1","0","0%","73"
"padeatrician near me","2","0","0%","11"
"kinder paragon","7","0","0%","80.3"
"children specialist clinic","4","0","0%","7.8"
"specialist child clinic","2","0","0%","7"
"kkh childrens clinic","2","0","0%","43"
"lilian lim","1","0","0%","6"
"baby chiropractor singapore","1","0","0%","93"
"kidshealth paediatric clinic, singapore, singapore, singapore","2","0","0%","27.5"
"childrens healthcare","1","0","0%","2"
"237 compassvale walk","2","0","0%","27.5"
"khoo teck puat national university childrens medical institute","1","0","0%","67"
"pedetrician","1","0","0%","1"
"kidshealth paediatric clinic review","5","0","0%","56.2"
"childrens dentist","1","0","0%","20"
"peaditrician","1","0","0%","1"
"online paediatrician","2","0","0%","2"
"pediatrician fees for baby","1","0","0%","14"
"bedok x ray centre","3","0","0%","48.3"
"dr lian wee bin","1","0","0%","84"
"paediatric ent clinic singapore","1","0","0%","80"
"nearby baby doctor","2","0","0%","27"
"the pediatric center","1","0","0%","70"
"female pediatrician","2","0","0%","8"
"westgate pediatrics","3","0","0%","7"
"pediatricians near me open now","1","0","0%","7"
"clinic paediatric near me","1","0","0%","7"
"pedeatric dentist","1","0","0%","5"
"oh meng choo","1","0","0%","57"
"singapore children specialist center reviews","1","0","0%","1"
"dr justin tan","1","0","0%","96"
"kids and teens clinic","1","0","0%","1"
"kk hospital childrens emergency","1","0","0%","91"
"polyclinics","1","0","0%","49"
"nearby clinic open now","1","0","0%","5"
"24 hours pediatrician near me","3","0","0%","17.3"
"medicine for kids","1","0","0%","11"
"child vaccine","1","0","0%","5"
"dr paediatrician","1","0","0%","1"
"teban gardens clinic","4","0","0%","57.3"
"clinic paediatric","30","0","0%","27.5"
"paediatric clinic singapore sunday","6","0","0%","8.8"
"kinderclinic parkway east","3","0","0%","34.7"
"yewtee clinic","10","0","0%","37.3"
"24 hours child clinic near me","588","0","0%","26.8"
"doctor pediatrician near me","9","0","0%","10.3"
"sbcc near me","6","0","0%","10"
"paeds engage","1","0","0%","4"
"paediatric podiatry singapore","1","0","0%","98"
"peditrician","3","0","0%","1.7"
"sengkang grand mall pd","1","0","0%","4"
"bedok mall clinic","15","0","0%","65.8"
"clinic at bedok reservoir","5","0","0%","48.2"
"kids clinix","23","0","0%","5"
"pediatricians dr near me","1","0","0%","14"
"i-kidz childrens clinic","22","0","0%","16.3"
"medikids","7","0","0%","1"
"paediatrician yishun","5","0","0%","59.6"
